[
  {
    "UUID": "2bca0614-290c-3e5b-99d7-053fbb7e351f",
    "name": "KING_HyDrA_"
  },
  {
    "UUID": "d70cd0da-7ad6-3aed-a56b-f4ea178269ef",
    "name": "jack_chor"
  },
  {
    "UUID": "f9ee7af6-db3c-325c-a6e5-f4d99d564d11",
    "name": "devilgameyt"
  },
  {
    "UUID": "7dbcdd94-f35f-3216-aacf-87294828cca9",
    "name": "ShadowPlayz__"
  },
  {
    "UUID": "c567cd66-9328-39bd-9531-7391a827e414",
    "name": "TrevTrunks"
  },
  {
    "UUID": "b639a708-eb7a-3f79-ba28-7da467b30d00",
    "name": "GOJO07"
  },
  {
    "UUID": "9b2812cd-b22a-368f-8a99-7410b379c0bd",
    "name": "theunitcoach69"
  },
  {
    "UUID": "00000000-0000-0000-0009-01f9c4b29d4c",
    "name": "_KAMUIII_PLAYZ"
  },
  {
    "UUID": "2d948946-ebe2-3512-a06c-76d50a319ebb",
    "name": "Notredy123"
  },
  {
    "UUID": "aeb34de9-dba0-3a7c-99ee-5dfacb51b5d2",
    "name": "ROSEYY"
  },
  {
    "UUID": "50c4f5d6-4f51-469d-9410-1867bd14cdae",
    "name": "Kritarth_YT"
  },
  {
    "UUID": "af03455a-6832-3ad5-9adc-1aa0c1cc891b",
    "name": "jiocomrade00"
  },
  {
    "UUID": "80da424b-bf98-3ada-96ec-26d3a1bc3647",
    "name": "y3zp"
  },
  {
    "UUID": "d4fba821-6ce8-45ff-86e2-dc46e432db43",
    "name": "koverlhit_498326"
  },
  {
    "UUID": "c0fa6a57-77f0-3694-b48d-80344d84eaef",
    "name": "pio1525nlL"
  },
  {
    "UUID": "613a6133-dcdc-35b8-813e-ec98169f0249",
    "name": "Stranglyn"
  },
  {
    "UUID": "106482db-210f-35e4-b148-f35293391f68",
    "name": "its_jaddu"
  },
  {
    "UUID": "f70e479a-e2c2-31da-872a-e2b2dff6c1c1",
    "name": "princexdgod"
  },
  {
    "UUID": "da639b42-45ad-3a1f-aa0d-a56483cb0a15",
    "name": "mchk_P1503_0728"
  },
  {
    "UUID": "13c9c7c2-cba0-31df-8846-4bf4da683f8a",
    "name": "UAgamerzYT"
  },
  {
    "UUID": "e308f11a-4225-3f0a-a96f-787d59d7d7dd",
    "name": "BaseRaiderXD"
  },
  {
    "UUID": "b2a8bbe5-457f-339e-a60c-a7e802913cfe",
    "name": "sanpaiSpider22"
  },
  {
    "UUID": "a45e7450-a1bd-390b-bc07-d20bc618b084",
    "name": "lordspiderz"
  },
  {
    "UUID": "80ea2133-5fdd-3f1f-a959-5ee798f63e78",
    "name": "Sushant_rawat"
  },
  {
    "UUID": "ba5f7550-b158-3f20-983a-c3d1ba9fc834",
    "name": "azecXD"
  },
  {
    "UUID": "7e808c27-c7b0-325a-8498-ac0309203ece",
    "name": "MRzightgameryt"
  },
  {
    "UUID": "6164ef88-0709-3ed7-a373-ec9db5babd5d",
    "name": "Bariz"
  },
  {
    "UUID": "89d533da-b862-3611-9245-3596816712f5",
    "name": "DK_Gamer9490"
  },
  {
    "UUID": "c7d76131-37cd-39ed-9308-1fe3b067d474",
    "name": "Jasmeen69"
  },
  {
    "UUID": "0fab4339-ae79-3cbe-8255-d18bcf2c1299",
    "name": "JAYDEEP_ALONE"
  },
  {
    "UUID": "161f85da-b358-4d52-82b0-275f57e9d78d",
    "name": "Sam78xD"
  },
  {
    "UUID": "103376da-48cb-3f06-acd8-48c2fef6638f",
    "name": "stormsiam"
  },
  {
    "UUID": "ef66bdce-8ae6-3bcd-8d01-331edcae5975",
    "name": "Anany00"
  },
  {
    "UUID": "5001a3c5-6dbd-3345-a0ea-3c50770176cd",
    "name": "Smash"
  },
  {
    "UUID": "13e13a68-953a-33fb-a144-6b6e27ad9a82",
    "name": "NotUsmaan__"
  },
  {
    "UUID": "f985a25f-9247-3f76-a132-e4ed47e57c9c",
    "name": "NOXBRZZ"
  },
  {
    "UUID": "68289467-2c1b-3146-b6f8-88f1017db629",
    "name": "NOTAGYT"
  },
  {
    "UUID": "66d8e928-856e-32b8-874b-731fbc749856",
    "name": "RJayBhai"
  },
  {
    "UUID": "2e3da393-1b12-3d98-8019-cd93720414fb",
    "name": "Waji_Brother"
  },
  {
    "UUID": "351a2c8c-505e-4369-b577-f138b45bc2e6",
    "name": "AyanIslive6"
  },
  {
    "UUID": "405ae1d7-618e-4afb-8930-4609711a648d",
    "name": "RJayBhai"
  },
  {
    "UUID": "991519b2-b221-3fe2-b0fc-8a0816e1712b",
    "name": "VIRAT_KOHLI12"
  },
  {
    "UUID": "8fa5afef-3674-3a27-9a62-f1f81858c780",
    "name": "4THYPRO786"
  },
  {
    "UUID": "45cd8dfe-1b82-3947-aaa3-8688adf59376",
    "name": "Diplomes"
  },
  {
    "UUID": "f7f6c407-0872-3e51-bd4a-da4f0567a7d2",
    "name": "DEPPAKOPS"
  },
  {
    "UUID": "13fbdd59-fd63-40e5-84af-1a6e14027183",
    "name": "Asta__kun"
  },
  {
    "UUID": "d1d2e9e6-af6f-3e57-afbb-edda4f483c40",
    "name": "TecFe_Gaming"
  },
  {
    "UUID": "ca2f7680-8077-3d13-ba81-12003ae583c7",
    "name": "KaushalYT321"
  },
  {
    "UUID": "de37fdc4-1a2a-35e7-8988-2303e8d5060c",
    "name": "Raider_play4"
  },
  {
    "UUID": "00000000-0000-0000-0009-01fb870ea690",
    "name": "_OP_ARMY_4444"
  },
  {
    "UUID": "405147d3-8758-335c-8f72-092970c86d67",
    "name": "bossgaming"
  },
  {
    "UUID": "27254bff-283c-328c-bc01-8c5c78b7def3",
    "name": "Its_Sanju09"
  },
  {
    "UUID": "73e87d8b-e43a-3f72-b425-81d9743a0c94",
    "name": "spy_playz123"
  },
  {
    "UUID": "7179e58b-3996-3f0e-802e-8ac4f482047e",
    "name": "Shadab_pro8451"
  },
  {
    "UUID": "a1a9c4ef-0f88-3a19-9198-249a37a93203",
    "name": "primenever"
  },
  {
    "UUID": "0b5b1ff6-4b61-352c-af7f-619fd93a7dbe",
    "name": "Spyder_MC"
  },
  {
    "UUID": "978dd4a0-d1f0-3588-8075-2ae4d5593819",
    "name": "chirag224"
  },
  {
    "UUID": "6405b276-cfc3-36e8-95a4-db96cbd2a23c",
    "name": "awgsdgsadgasdg"
  },
  {
    "UUID": "99712f94-0067-3447-ad70-1f651baa33fc",
    "name": "Vthegamer2014"
  },
  {
    "UUID": "00000000-0000-0000-0009-01fe331c7a62",
    "name": "_ItzRakuza5023"
  },
  {
    "UUID": "145a09c9-86d8-3251-8b3a-ab6a2b683aab",
    "name": "lopi_Boy"
  },
  {
    "UUID": "ad345528-09f5-310c-a197-d659ccf24353",
    "name": "EVILSAAD"
  },
  {
    "UUID": "83db48f1-725c-34e8-a658-c7a838dbfc3e",
    "name": "Tanish_8812"
  },
  {
    "UUID": "0914c886-9297-4cc4-b6b9-ff516d8f2337",
    "name": "SamratPlayzZ_YT"
  },
  {
    "UUID": "f8a9086f-0898-382e-9c5c-f5c905465c32",
    "name": "ALITE_AXOLOT"
  },
  {
    "UUID": "7ce3281a-9210-32ef-9534-89c0a6511e32",
    "name": "EkamGaming"
  },
  {
    "UUID": "14915c85-50a2-37de-8dda-02cb959b7576",
    "name": "zerox"
  },
  {
    "UUID": "49a158ea-2b67-363f-80ea-b73e8741cc13",
    "name": "CircleStrafeee"
  },
  {
    "UUID": "0f78155d-3f89-38ce-a806-6ea4f8c41391",
    "name": "ShadowGamingOpYT"
  },
  {
    "UUID": "9808f260-6c21-34c5-b237-20160327f311",
    "name": "sundram11111"
  },
  {
    "UUID": "a42f4c2f-569d-47cb-9405-787e5019f5a8",
    "name": "OxiityX"
  },
  {
    "UUID": "425ef1e0-d201-4a42-bf17-3bf13aa12527",
    "name": "BadBoyHalo2722"
  },
  {
    "UUID": "6dcb5f6e-8f0e-31a5-bb1d-3bcf9f81dbc0",
    "name": "BIRATKCJODDD"
  },
  {
    "UUID": "9ea32f5e-16cb-34ef-af2f-870d7bbfa0da",
    "name": "Sam11313"
  },
  {
    "UUID": "fff36be3-fa3f-308c-8567-c30f2d93cdf1",
    "name": "Kopiop"
  },
  {
    "UUID": "33e73b50-5973-3bc5-8426-9354d84d4d97",
    "name": "spofosdafosadiog"
  },
  {
    "UUID": "1deb3400-32d4-3341-a7de-eefbdb76229d",
    "name": "SunliteKingOP_"
  },
  {
    "UUID": "d7573cb4-2aea-3e88-b1c4-e022b951778c",
    "name": "brajesh"
  },
  {
    "UUID": "37996c78-3f51-36fb-a57d-36df2063c936",
    "name": "priyanshi01"
  },
  {
    "UUID": "5cb5b366-cb70-4bb0-848c-99689ab300fb",
    "name": "ItzDigital"
  },
  {
    "UUID": "3238ff8f-3330-3613-8453-4552b86a313a",
    "name": "arav"
  },
  {
    "UUID": "2841deda-8a07-3984-83de-9e2fc1781957",
    "name": "VOILANT"
  },
  {
    "UUID": "1a27c1f0-cdc4-3fd0-b358-b6fc022fb684",
    "name": "GamerDc8146"
  },
  {
    "UUID": "0466386a-906e-3c39-914e-c6274a84ad7b",
    "name": "Angry_playz"
  },
  {
    "UUID": "323c4bc9-ff0f-3ecd-98a5-9f73f8e02fcc",
    "name": "NizGamer25"
  },
  {
    "UUID": "cb2d10d2-6712-3d0c-8fc9-b9aef6532118",
    "name": "Itz_AryanXD"
  },
  {
    "UUID": "e60a6210-b070-38d3-922d-2899cd9adb58",
    "name": "NOTCrazYGamer"
  },
  {
    "UUID": "9c5d9845-15a9-3fd1-ad67-d82e8e8e2568",
    "name": "anni455"
  },
  {
    "UUID": "b17d7bab-d8fd-36fc-8ad8-aae2188b64a9",
    "name": "sp_hariom"
  },
  {
    "UUID": "00000000-0000-0000-0009-01fcac6bcd4c",
    "name": "_Notsaver_og"
  },
  {
    "UUID": "89f33b49-fa1b-3314-9f13-a44f58541069",
    "name": "sharpygamerYT"
  },
  {
    "UUID": "15532845-62e1-3003-9458-2474ddb23abc",
    "name": "SUKHMAN_OP"
  },
  {
    "UUID": "5a01b7a2-9fdf-326c-b12e-04fb0a9b4788",
    "name": "HishamS_"
  },
  {
    "UUID": "8eea6a98-89d6-4304-bb9d-b2387bdd8401",
    "name": "AnshuPlaysXD"
  },
  {
    "UUID": "51e91642-a9d3-3f11-9d09-24e076eeb68b",
    "name": "Itz_AryanPlayz_"
  },
  {
    "UUID": "1091645a-8bfc-3fb8-bd29-d202e23cbd7e",
    "name": "isdfjsqdgihsdngh"
  },
  {
    "UUID": "414267a6-dc19-3c6c-84b3-25bceffd2889",
    "name": "Gojo_Legend"
  },
  {
    "UUID": "bb66b853-58a8-330f-9b31-59b95554ffa1",
    "name": "Duping_spy"
  },
  {
    "UUID": "ddc0437d-5428-324c-8ef6-3b5bd631a3b6",
    "name": "OM_SPIDER11"
  },
  {
    "UUID": "fda22e42-5656-37f1-b61a-75fa8ddd0c8f",
    "name": "DilluTikku"
  },
  {
    "UUID": "e0321c1c-2750-4bb7-b5cc-806a9c2611bf",
    "name": "SkXmc"
  },
  {
    "UUID": "e452f7f8-11b0-3f10-a98c-2097a5d9093f",
    "name": "Riddhiman_Verma"
  },
  {
    "UUID": "fa490dfa-1527-33af-9ece-c98f54e0c262",
    "name": "devil_boy"
  },
  {
    "UUID": "00000000-0000-0000-0009-01f955519c59",
    "name": "_Yamnaali"
  },
  {
    "UUID": "009757d5-3b73-39f7-8cfc-6ef4711d8628",
    "name": "YASH_OP"
  },
  {
    "UUID": "3d636bdf-896f-342e-a9c5-75b793b6b4c2",
    "name": "LGrowYT"
  },
  {
    "UUID": "9218eaea-99ad-3916-a48a-3b83b4dcfa9d",
    "name": "DevilXd11"
  },
  {
    "UUID": "d9a89480-7df2-308c-8daf-60bae6a18ae9",
    "name": "DG_GAMING"
  },
  {
    "UUID": "8b5e9241-f1ff-3f33-a644-39b22005a92d",
    "name": "gdhfgjh"
  },
  {
    "UUID": "ebf52764-ec13-49c1-9335-bcf22b069c8f",
    "name": "FreePalastine"
  },
  {
    "UUID": "6a6b1bb9-c0f4-338a-ae38-885d83e37e24",
    "name": "kingop"
  },
  {
    "UUID": "e0cd2487-c506-3b77-b5b7-e7f0a61ba777",
    "name": "METRIX_D77"
  },
  {
    "UUID": "47a329f4-6ba3-31f2-9da6-64d7f5bc39d8",
    "name": "gold_nigger"
  },
  {
    "UUID": "40dfdae7-4100-3962-8a4a-ac99cb3d36a0",
    "name": "LixelMayo"
  },
  {
    "UUID": "e14c318b-f09a-3d24-9d90-e49c3a8bb7e4",
    "name": "chauhanmanoj"
  },
  {
    "UUID": "076d91f7-77b9-3a35-aef1-c571b2a7bb2a",
    "name": "spy_playz"
  },
  {
    "UUID": "34b4e421-dae8-362c-85d5-d712238c4405",
    "name": "lulli_gaming"
  },
  {
    "UUID": "3b574e42-fe37-4308-a132-eb9d37e36446",
    "name": "StrenticYT"
  },
  {
    "UUID": "a4ef6b9b-e68a-3553-b4ee-f8f17181a812",
    "name": "KhanUjalaaa"
  },
  {
    "UUID": "398ef1e5-582a-4e4e-b7e2-cd5d0c2d59bc",
    "name": "Manjiro_7x"
  },
  {
    "UUID": "a85bdc94-72fe-32af-b73e-ea10de39f6a3",
    "name": "StayRirorrrr"
  },
  {
    "UUID": "e1321e91-4e1d-34b0-b871-9f6dd283c1bc",
    "name": "vanshpanchal605"
  },
  {
    "UUID": "00000000-0000-0000-0009-01fff02e48f6",
    "name": "_Sarfaraj75"
  },
  {
    "UUID": "c77192b2-9fad-3655-9aaa-1f04dd279580",
    "name": "KARTIK_PLAYS"
  },
  {
    "UUID": "916e415c-de62-35cc-977c-0a2a331e7ce7",
    "name": "Smushy"
  },
  {
    "UUID": "86eee5f8-a75d-3d32-b68d-2f59f54b64d3",
    "name": "ishant_gaming165"
  },
  {
    "UUID": "41119f18-7a8a-3094-b0cb-198ad4e33082",
    "name": "Senpai_vansh"
  },
  {
    "UUID": "46dd4679-cce5-3137-8a17-7e97561dfedc",
    "name": "Jasmeen"
  },
  {
    "UUID": "a292f1af-1f48-3965-aa9b-c1be6eb661b4",
    "name": "glitchplays7711"
  },
  {
    "UUID": "6679d2d0-bc09-3e49-a3fe-9ced20560890",
    "name": "JAIDEEProck"
  },
  {
    "UUID": "4486564f-a108-3ae9-aab5-5654658f3906",
    "name": "ofhdhnc"
  },
  {
    "UUID": "f0807ee4-ca00-4483-a5a2-c99b58cff553",
    "name": "kingmishra25"
  },
  {
    "UUID": "483b534a-2515-35bc-a9bc-0f5930683c12",
    "name": "IanTan8326"
  },
  {
    "UUID": "398f7358-93f5-3d0f-9fec-c9579cc86f19",
    "name": "ItzzShreyanzYT_"
  },
  {
    "UUID": "80d7acaa-8393-302a-bcde-9562c74f287e",
    "name": "JAIDEEProcks"
  },
  {
    "UUID": "05f55cbb-f361-3253-9d33-33655d0d626c",
    "name": "Pb10Boss_"
  },
  {
    "UUID": "31771d97-2a3d-3772-98ad-3af10e4a04e9",
    "name": "avinash953"
  },
  {
    "UUID": "6ba0364d-7ca2-3f51-9302-2cfeaad3e267",
    "name": "JG_GAMER_1K"
  },
  {
    "UUID": "65ca9943-e0b4-3f56-8211-7209af6f4d4b",
    "name": "AtaCheema"
  },
  {
    "UUID": "00000000-0000-0000-0009-01fd1b421bee",
    "name": "_Himanshu26032"
  },
  {
    "UUID": "aabb8be7-cc78-33c6-bfef-faa390487abe",
    "name": "IM_OP_INSANN"
  },
  {
    "UUID": "59778317-505f-3453-8087-2e6fff890e56",
    "name": "zkilleralt"
  },
  {
    "UUID": "7e20885a-0f2f-33c1-be79-7535952f1dab",
    "name": "Bihaangaming"
  },
  {
    "UUID": "880c4513-4b23-3f35-acf1-ebd332c58db2",
    "name": "star_playz37"
  },
  {
    "UUID": "90dc1290-c545-3c28-94c9-c692e5fb95de",
    "name": "ADI_CREATIVE"
  },
  {
    "UUID": "0db7db82-bfc1-39e9-a65a-d01e8602d104",
    "name": "ajayxd"
  },
  {
    "UUID": "3702e8eb-5585-3c91-bae3-d502093c5944",
    "name": "soumojeet25000"
  },
  {
    "UUID": "7f5d9506-f5f1-36d5-8e50-421531bccde3",
    "name": "requim_"
  },
  {
    "UUID": "54eb15f2-2c1f-3c3a-834e-de09936ede7d",
    "name": "TuotAloa"
  },
  {
    "UUID": "18d5d528-b9e6-36ea-ab05-a8b9ea9d82a0",
    "name": "OASFIOASKOFKOAFO"
  },
  {
    "UUID": "2b26194b-d83b-343c-bfa0-53b22a0d4104",
    "name": "SeriousBoi"
  },
  {
    "UUID": "de3d626a-397c-3a8a-a2dd-8816a9fe05e1",
    "name": "TigerblackYT"
  },
  {
    "UUID": "39a110f0-a8e1-331c-a0a0-0d1b07d4e9b6",
    "name": "NotCrazyGamerYt"
  },
  {
    "UUID": "6442b11a-0d54-3ebe-b3b1-2ff0410a7a8e",
    "name": "sempaid"
  },
  {
    "UUID": "9f50912a-8cb8-3739-8ec6-f51ebeaee9f6",
    "name": "White_Hunter404"
  },
  {
    "UUID": "3fe8cf95-2f2f-3b7c-b47d-731f8a6e205e",
    "name": "1DEEPAK1"
  },
  {
    "UUID": "c7777c68-d919-3476-b040-878ec8b7c08d",
    "name": "ggns"
  },
  {
    "UUID": "a043e2df-8d9d-4426-8512-fe74a0c5810c",
    "name": "XtenderGaming"
  },
  {
    "UUID": "fa43ac58-43a8-4af3-9f56-3ca598b2858f",
    "name": "Og_Lories"
  },
  {
    "UUID": "00000000-0000-0000-0009-01fe67dce7a4",
    "name": "_Isanfighter4056"
  },
  {
    "UUID": "b08d1c0a-2810-37fd-b133-081d01969242",
    "name": "EgGamerz00"
  },
  {
    "UUID": "1d6a509a-5f55-3c52-a3ad-cb75ff7178ce",
    "name": "pro_drup"
  },
  {
    "UUID": "4e3f7b1e-1910-3087-a926-076b3b2da044",
    "name": "gamingboys00"
  },
  {
    "UUID": "a9af89d5-7e3f-3832-8148-586ec8168ed4",
    "name": "Dashing_Differ"
  },
  {
    "UUID": "9c50b6fd-1443-34fc-bd8d-1a532c62003b",
    "name": "vthisharami"
  },
  {
    "UUID": "7311997a-443e-3702-a1cc-8698e988a61e",
    "name": "notlamer"
  },
  {
    "UUID": "a7d850b8-9bbe-3b5c-ab33-a9e2d47548b3",
    "name": "Tanim_Hossain"
  },
  {
    "UUID": "913fa0af-6dda-36eb-a798-fed54239d043",
    "name": "EVILSAAD_op"
  },
  {
    "UUID": "f9338317-cdc6-34d7-ae9f-9261e302a55f",
    "name": "Raistar"
  },
  {
    "UUID": "0a999fc6-d239-3683-8ccf-459cfa499365",
    "name": "Clintx_"
  },
  {
    "UUID": "5b98d37a-7b2c-433a-9c79-b55803b59bc2",
    "name": "qFrost_"
  },
  {
    "UUID": "d7deeba1-512a-3b28-b473-3974240ee6d7",
    "name": "SenpaiSpider"
  },
  {
    "UUID": "7604cb79-b6f6-34b2-8b38-199045614955",
    "name": "itachi_playz9x"
  },
  {
    "UUID": "357bc938-7984-3807-a4a1-2d2c00a2c54a",
    "name": "DEM0Ndark"
  },
  {
    "UUID": "060aebaa-fae2-3576-b518-32d7b9c40d95",
    "name": "Smashhh"
  },
  {
    "UUID": "121699bb-210c-3943-ae38-c5171126f041",
    "name": "Dew_Playzz_XD"
  },
  {
    "UUID": "182eb29f-595f-3b64-9298-675ed2099eea",
    "name": "Bluey88"
  },
  {
    "UUID": "d513e0e5-b894-33c1-a590-ef417e546396",
    "name": "pikachu12345"
  },
  {
    "UUID": "e0ec3109-4f69-430a-ae62-a3518ea717a3",
    "name": "adi_god222"
  },
  {
    "UUID": "7f3cac41-f70c-3310-a824-e250dd875126",
    "name": "Henry"
  },
  {
    "UUID": "767dbceb-a672-3661-b95c-7a62ec4fc441",
    "name": "senpai_spider"
  },
  {
    "UUID": "530fa97a-357f-3c19-94d3-0c5c65c18fe8",
    "name": "test"
  },
  {
    "UUID": "0d05b81c-8bf7-35be-a946-7f9fde22921c",
    "name": "HECT0r_TG"
  },
  {
    "UUID": "2923689c-da7f-3aba-9709-13ca7ae93ee7",
    "name": "Boom_Hall"
  },
  {
    "UUID": "cd4e961c-8e69-3428-9e5f-d1a36ed36184",
    "name": "DarkYuvi_Ezz"
  },
  {
    "UUID": "68ac7526-a836-3ba5-9562-1cd72bb325a6",
    "name": "Anshu_playsXD"
  },
  {
    "UUID": "1c0d40a2-bd62-309a-b779-1d04aed80c4f",
    "name": "SHISO_OP"
  },
  {
    "UUID": "b6e0f7c9-36d3-3b3b-a9d5-f879805b4489",
    "name": "Smasheed"
  },
  {
    "UUID": "bef1199e-2631-397f-902d-a181b80eb843",
    "name": "_NotSkullXD_"
  },
  {
    "UUID": "a005e222-bcb0-379a-93de-9850133a8079",
    "name": "TensaiTiger"
  },
  {
    "UUID": "a69e64da-c738-3e3e-bb71-4c52c978b4d8",
    "name": "ShreyansPlaysXD"
  },
  {
    "UUID": "200e0d1f-7010-3f96-8769-c09fa8e7fc45",
    "name": "Dimothunder"
  },
  {
    "UUID": "e3f5faca-9e10-3c93-8b97-01c4812b2901",
    "name": "Not_Arj"
  },
  {
    "UUID": "3fc23794-813b-3a73-b007-9e8a29d9bd8c",
    "name": "NotCreepy__"
  },
  {
    "UUID": "d0d8774d-e576-30dc-a1e9-bd622620d952",
    "name": "Jack_Bhaiya"
  },
  {
    "UUID": "ae315cbd-68ed-371c-860a-aebabd84b182",
    "name": "KrakenFR"
  },
  {
    "UUID": "7f955caa-3964-3552-b831-3ad0e30e272b",
    "name": "hellogamerxx"
  },
  {
    "UUID": "b70c6c70-2fc1-358a-bd20-1f7740ec1a42",
    "name": "SHAPNESS"
  },
  {
    "UUID": "1657b3d3-dfda-3055-bf57-03cb12de3587",
    "name": "TiredGazelle25"
  },
  {
    "UUID": "22672bb4-b8c9-3c85-962e-338b17b46640",
    "name": "sumo444"
  },
  {
    "UUID": "6eaef35a-14f9-33ba-9d36-b25d9aaa06b8",
    "name": "shams"
  },
  {
    "UUID": "0c021169-1295-31a5-b560-f32666d0971c",
    "name": "_Hexom"
  },
  {
    "UUID": "e277466c-00da-3d43-81c5-deec35f91280",
    "name": "NFS_Devil"
  },
  {
    "UUID": "f71a1fba-db17-3ebf-afe2-fa80da69c3d1",
    "name": "adarsh4356"
  },
  {
    "UUID": "a5e4d4b9-838a-3458-88fc-5175b86e06b2",
    "name": "YTGaming"
  },
  {
    "UUID": "57ffccdf-42a0-47e3-8745-09f89dd234d0",
    "name": "manikkumar"
  },
  {
    "UUID": "d025ebb0-b769-3967-8cc3-185c767396aa",
    "name": "YRJ_gamer2013"
  },
  {
    "UUID": "5193fce2-d9f5-3b4d-954e-ff2d138d67f9",
    "name": "Sameerking"
  },
  {
    "UUID": "f721641c-a00b-302b-984b-0a92e5d8ddfc",
    "name": "Saustan"
  },
  {
    "UUID": "7af446a6-f490-3efd-bb1a-ca05179d815c",
    "name": "Ainul"
  },
  {
    "UUID": "978aa384-47f6-302a-b855-19e00f3c74b9",
    "name": "ItsSanju_09"
  },
  {
    "UUID": "8c970ea3-1f9a-30ec-8cf5-14f182db367f",
    "name": "sohamisop"
  },
  {
    "UUID": "72539fa7-892b-3ff6-b4d6-0db6d4fd3f51",
    "name": "DesiPlayzXD"
  },
  {
    "UUID": "00000000-0000-0000-0009-01fc933c232e",
    "name": "_Cute_rose_35"
  },
  {
    "UUID": "a061c550-68c2-3924-b2d6-dfbe3673fe24",
    "name": "iG_Vivek"
  },
  {
    "UUID": "ef021d5a-1c97-3d14-898e-5d085de28b57",
    "name": "aliveop123"
  },
  {
    "UUID": "2ffe0944-f480-334c-bc52-d6b903fbd98c",
    "name": "Ali_Og"
  },
  {
    "UUID": "f226b1c8-0741-35cb-97e0-397343201d3b",
    "name": "CRAZYGODGAMER"
  },
  {
    "UUID": "96b2c0f2-168f-3913-9308-32ed3297a340",
    "name": "ABHACKERTL"
  },
  {
    "UUID": "eca2f2ee-d6f9-3c31-a907-915ccf14c238",
    "name": "TechnicalYT69"
  },
  {
    "UUID": "a7faea3b-fad6-307d-9d5c-748adb794c30",
    "name": "Mr_Rolex_XD"
  },
  {
    "UUID": "df4f77d4-e6f2-4480-bcfd-e827888bcf46",
    "name": "OZ8P"
  },
  {
    "UUID": "02bc8e27-47cf-3272-bb7e-77a6d36a476a",
    "name": "Furydi"
  },
  {
    "UUID": "1d9f4e6f-5f76-309d-8145-531dd181ee3d",
    "name": "Gaganaofficial"
  },
  {
    "UUID": "90974f67-b4cd-3690-b4be-a02477627455",
    "name": "Emilyyyy"
  },
  {
    "UUID": "7c99bf44-4c6a-360c-8bc2-3c165504c96f",
    "name": "StrenticYT"
  },
  {
    "UUID": "bf93885b-e6db-3fe8-8e6b-6f1b13979619",
    "name": "GamingLove07"
  },
  {
    "UUID": "57b7e6d1-0763-3692-9f04-7f9a3fde4ddf",
    "name": "MCPESOURABH12345"
  },
  {
    "UUID": "7a5a4894-6721-3f99-ba45-227ba265ba24",
    "name": "spidy_gaming_a"
  },
  {
    "UUID": "51b72a45-42ee-38d7-acd6-fd78afec5580",
    "name": "S4_Saimon"
  },
  {
    "UUID": "55f7b048-a865-31c0-aba6-c6ea26350d69",
    "name": "RITIK_GAMEROP"
  },
  {
    "UUID": "3396cde3-8d8e-3158-9f63-25e4b176ab58",
    "name": "YesSmartyPie"
  },
  {
    "UUID": "cf45e8c2-f376-3103-8678-0f0d7ecfc044",
    "name": "AnshuBlox"
  },
  {
    "UUID": "d79ebc19-5387-4c5b-afb6-6bc2e1f03bd2",
    "name": "BeatPlayz1"
  },
  {
    "UUID": "c2b0b39f-262d-3b8c-85cd-c9a9c116abf3",
    "name": "Reuzik_Op"
  },
  {
    "UUID": "00000000-0000-0000-0009-01f6bc65a795",
    "name": "_GOKUARTIK"
  },
  {
    "UUID": "7648b408-6002-3200-8e76-f6c3a86dc28b",
    "name": "himanshurawat"
  },
  {
    "UUID": "2c019093-c8de-35d3-b97b-dc7cfeeb6860",
    "name": "asad23"
  },
  {
    "UUID": "08e480db-3f0b-31bc-a22f-f14b060961f0",
    "name": "RUSHER_X7"
  },
  {
    "UUID": "0c3e7411-385c-35a9-90f9-873ea8e7e8ec",
    "name": "Harronpro"
  },
  {
    "UUID": "3085a5dd-90d5-30bc-b200-3bbfc5f2cb64",
    "name": "NotAkalaGamer"
  },
  {
    "UUID": "8e901014-e335-3eed-940c-4a5eb3561441",
    "name": "ToXiCgAmEr"
  },
  {
    "UUID": "1d8233af-266a-36e7-93ee-703686a1f9c4",
    "name": "LivingSpider"
  },
  {
    "UUID": "9b03c959-4c7c-31f4-9eca-8196f006e2a8",
    "name": "AHgamerzYT"
  },
  {
    "UUID": "a89333f1-5311-3e38-b647-ff3697a6e2bd",
    "name": "SenpaivanshXD"
  },
  {
    "UUID": "1a4c1000-7712-3fbe-929c-bb52f21c9b10",
    "name": "Yash_Gamer_Op"
  },
  {
    "UUID": "dc82bf12-d682-419b-9137-70f1090db660",
    "name": "satkeerat_epic"
  },
  {
    "UUID": "2564b911-ec2b-3d67-af8c-dead321d742e",
    "name": "SwirlingGamerzzz"
  },
  {
    "UUID": "496c80b7-5ebe-3452-bef9-ede864504e59",
    "name": "JONATHAN"
  },
  {
    "UUID": "04017ce1-6e52-3167-8c2f-7596139747ca",
    "name": "HarisOP3783"
  },
  {
    "UUID": "52b9bc29-2f29-3511-b83b-2d13a5cf167d",
    "name": "ItzAYman_"
  },
  {
    "UUID": "d43fc3a9-21cd-3e35-b7c0-425a9576a2b6",
    "name": "SG_NOTAGYT"
  },
  {
    "UUID": "2e5630c2-b6cb-3697-a47f-d0b3292c091d",
    "name": "LivingLegendOP"
  },
  {
    "UUID": "02b0771f-0d22-38f1-9d05-dfd1a36cabf2",
    "name": "DEXOP3717"
  },
  {
    "UUID": "706db2d9-e3b8-3b50-b624-c6aec05a98ba",
    "name": "Minecraft007707"
  },
  {
    "UUID": "3c6f8c0e-13b3-38c9-a83b-ad40c3aeb7f9",
    "name": "ROSSEY"
  },
  {
    "UUID": "83d8fc53-85dd-3882-b48f-81753c353921",
    "name": "Jeevan_XV"
  },
  {
    "UUID": "fd60fea1-de75-3d91-8b29-b3ff296a4ba3",
    "name": "pro_mhaa"
  },
  {
    "UUID": "7e9c5050-8542-3cdd-a269-e97111025772",
    "name": "lalupro"
  },
  {
    "UUID": "00000000-0000-0000-0009-01f2827289b5",
    "name": "_Godspider309"
  },
  {
    "UUID": "a4cd3e7e-6f85-3dfa-aa9d-2bca6f784cdf",
    "name": "INDGamer7"
  },
  {
    "UUID": "fb314ad4-cb1f-3de1-81f3-eb503a1ebd9b",
    "name": "IM_DUDE_OP"
  },
  {
    "UUID": "a18fff9a-5a26-3a9e-b591-ca557ffba4ac",
    "name": "Laiba_dev"
  },
  {
    "UUID": "98c3478e-724b-4890-96d2-3f41baf42cb3",
    "name": "xpp_JlqbE_0817"
  },
  {
    "UUID": "a1d8069e-bc0a-3418-81d9-e3371b273cdb",
    "name": "SamXd69"
  },
  {
    "UUID": "937b1b20-e66c-3de6-913c-cec5be2bf044",
    "name": "THE_NOT_OPP"
  },
  {
    "UUID": "3b72dc7a-5566-30b9-91c0-9c8daa3797e0",
    "name": "GAURAVxSYSTEM"
  },
  {
    "UUID": "591f3244-2509-3b05-b259-94258e167f6d",
    "name": "A_K_Playz"
  },
  {
    "UUID": "3c7b3325-9e31-3cac-bb98-61c27ae9cf20",
    "name": "isdkgisajugjsaug"
  },
  {
    "UUID": "541f23c0-c86e-4b61-af70-279d7b35955b",
    "name": "gw_Ci6nx_0718"
  },
  {
    "UUID": "1fe9c2a7-85ba-3909-8150-1c2b8ac5cc16",
    "name": "kennediy"
  },
  {
    "UUID": "00000000-0000-0000-0009-01fe443bcf94",
    "name": "_Devil2000000432"
  },
  {
    "UUID": "05757828-1894-3381-acaa-cdcf6562c815",
    "name": "vanshsighania"
  },
  {
    "UUID": "00000000-0000-0000-0009-01f8eb0188aa",
    "name": "_Haider40867"
  },
  {
    "UUID": "20afc39e-7c65-3ff3-8153-7a42e72d66fb",
    "name": "GhostGaming561"
  },
  {
    "UUID": "5d013fc3-6139-46df-8fd8-1fb1e6a8c985",
    "name": "Parv_OP"
  },
  {
    "UUID": "7aec6a08-ff48-3a44-ae6c-9d538032fc85",
    "name": "NotGOJO_Playz"
  },
  {
    "UUID": "126dcf38-7d80-36ac-a4ae-98c9829642ec",
    "name": "Madara_Plyz"
  },
  {
    "UUID": "00000000-0000-0000-0009-01f1e893eb0e",
    "name": "_MayankGamerrrr"
  },
  {
    "UUID": "3a26da5d-83a4-3ece-b2e6-fa2b64b6bb0f",
    "name": "Waji_Bhai"
  },
  {
    "UUID": "adc42b21-b84f-3b57-a1dc-29dd525cc5c9",
    "name": "ratnishjain"
  },
  {
    "UUID": "97ebecab-94a3-4cad-b4a1-807e90af1557",
    "name": "NotPrathamKing__"
  },
  {
    "UUID": "dcca6ed2-34bb-404d-a127-40f9c56ef832",
    "name": "xToXicFlameHaha"
  },
  {
    "UUID": "1e759b5b-a06a-3aa5-a8f9-6d6941af69b3",
    "name": "MR_AJAYGAMER_YT"
  },
  {
    "UUID": "7cd1c7b2-1ad5-3a03-9633-d81122365dcf",
    "name": "TheLionKing"
  },
  {
    "UUID": "0a33ff00-5fb2-3c83-97c8-9c9da6f141c9",
    "name": "Adi_ka_bhai"
  },
  {
    "UUID": "861be146-64dd-33b3-a6ef-edca2abe1bd8",
    "name": "GamingSaiyan400"
  },
  {
    "UUID": "3e4046b5-ce75-3c93-a7b9-0d3e63c19125",
    "name": "thekraters"
  },
  {
    "UUID": "835b6143-09a6-4c1f-a098-8c6d534e926a",
    "name": "AnshuGamerXD"
  },
  {
    "UUID": "42fb2e38-e807-3c50-a8cb-c70db02e8d0d",
    "name": "Aereaf"
  },
  {
    "UUID": "00000000-0000-0000-0009-01fcfdfcbe7b",
    "name": "_S4thclassgaming"
  },
  {
    "UUID": "3d0e84df-a8f5-33ef-936d-5212fed8b718",
    "name": "AlphaVolcanoOP"
  },
  {
    "UUID": "d1bfba26-c985-3413-97c7-16af65b080a0",
    "name": "AyushPlaysXD"
  },
  {
    "UUID": "9781cddc-c537-3fae-93e6-55caeccc9859",
    "name": "ITSPhenuxSenpai"
  },
  {
    "UUID": "c0d81060-3186-443b-9b6b-15c9a477b552",
    "name": "Azaan_69"
  },
  {
    "UUID": "23509f26-8c0b-42fd-9a8e-4f9a688d3d9d",
    "name": "repub1ic"
  },
  {
    "UUID": "b38b1fcf-8275-3bac-b1fc-41f3416c0e7b",
    "name": "NarutoX69"
  },
  {
    "UUID": "0225408b-f456-387d-95fc-8c5a090b34ae",
    "name": "godlyOG"
  },
  {
    "UUID": "2acf074b-c9ad-3760-bd42-901a70afac38",
    "name": "Pyasapanis"
  },
  {
    "UUID": "1279e913-eabd-381d-94ce-83aef5b9c99a",
    "name": "HussainWasTaken"
  },
  {
    "UUID": "f1518ef4-9eb1-35dc-8d09-34147f8610df",
    "name": "ShreyansGamerXD"
  },
  {
    "UUID": "5b3b9401-7c9a-3909-8e26-9a8e6be1876c",
    "name": "Itz_Riddhi_"
  },
  {
    "UUID": "e9dd4b73-ae08-30ee-a3c2-37df352e97f7",
    "name": "W1mx"
  },
  {
    "UUID": "c2640c50-3944-3127-a83d-393376f1d326",
    "name": "DarkDB_Ezzz"
  },
  {
    "UUID": "695a3bbb-508c-4083-bb4b-d088381b5bb8",
    "name": "Diplomes"
  },
  {
    "UUID": "fb6228eb-cedd-3b88-80e9-8e7d12dea019",
    "name": "Pickachuplayz"
  },
  {
    "UUID": "b1b11166-5e58-34e3-b615-9a2f0fc40b1d",
    "name": "DiloTukku"
  },
  {
    "UUID": "df3cc5bc-a9a2-45da-a193-6cdade5fe77e",
    "name": "qTr1xy_"
  },
  {
    "UUID": "d89a6321-059d-3f26-afc2-64030367b330",
    "name": "ARHAMJJAAA"
  },
  {
    "UUID": "7aedbb01-fc9c-30b8-a494-201021f20226",
    "name": "ben_stocks"
  },
  {
    "UUID": "c03ba63b-dd5b-4d8a-9eb5-1388a54b4c0e",
    "name": "ATG12_"
  },
  {
    "UUID": "00bb53a4-391d-4f8f-98bb-18ed7ac205b2",
    "name": "Kintogram"
  },
  {
    "UUID": "a4a0191f-a839-3a89-bffd-ce63a9f485cb",
    "name": "qSylv1_"
  },
  {
    "UUID": "041d90ce-7007-33e8-bf7b-ff09aa985f67",
    "name": "GamingHuzai"
  },
  {
    "UUID": "e47916f7-619e-3edc-9373-55358ef267cd",
    "name": "DESKYAISJDFUAJSU"
  },
  {
    "UUID": "82fc4f27-da50-379b-a391-57a38ef2e867",
    "name": "NotBonjour_"
  },
  {
    "UUID": "d247cf29-3c93-3216-867c-4476e2c5099c",
    "name": "Angry_Plays"
  },
  {
    "UUID": "5f5f3764-08de-3e2f-a995-c516f01448e1",
    "name": "SambhaiOp"
  },
  {
    "UUID": "926cdf5f-436a-3e4c-b088-ad1ace8a09b2",
    "name": "Cursed_senpai"
  },
  {
    "UUID": "8d2989b9-d6d6-3da8-b9ca-eadfecc71afd",
    "name": "asfsadgasdf"
  },
  {
    "UUID": "aaa4e3b1-b5e1-3cc8-9d09-d40b8c04bffd",
    "name": "slepy_rino"
  },
  {
    "UUID": "10510b20-38c2-4bad-9b1a-880301db8815",
    "name": "THE_NOT_OPP"
  },
  {
    "UUID": "41d52c30-4641-3167-b60b-ca925b963f00",
    "name": "SenpaiDragon_Op"
  },
  {
    "UUID": "eb1d20f9-ff25-3143-bdee-ab3f62de1b42",
    "name": "Proboiz95Gamer"
  },
  {
    "UUID": "5b8efe42-abdd-3997-9e65-592e81348336",
    "name": "hulk"
  },
  {
    "UUID": "9d8e9f80-8aec-4015-8b14-3f7e9e95e8da",
    "name": "AmrTlwr"
  },
  {
    "UUID": "1c7e1e27-f8cc-3691-8ac5-8f303328f80a",
    "name": "umer2200"
  },
  {
    "UUID": "0587f342-ff67-3d11-8d56-93989cb95410",
    "name": "StayRiorrrr"
  },
  {
    "UUID": "00000000-0000-0000-0009-01f2ea04e12b",
    "name": "_TasfiaZinnat"
  },
  {
    "UUID": "746db947-4f29-4627-967b-aafb80c802bb",
    "name": "AngelOfAsia"
  },
  {
    "UUID": "124c07fd-064c-3a5c-86e5-bd0c4cdce44c",
    "name": "_Haiderplayz"
  },
  {
    "UUID": "00000000-0000-0000-0009-01f45d69ee4f",
    "name": "_BlackitIzan"
  },
  {
    "UUID": "8f04a5bd-565c-3890-9e04-5700a74170ec",
    "name": "bali2351ok"
  },
  {
    "UUID": "892a557c-0f5c-3f43-8094-e29c74090095",
    "name": "Vs81df1stg"
  },
  {
    "UUID": "e35fd4fb-7d6d-3dd7-a8bd-cccc68b6e104",
    "name": "KING_IS_BACK871"
  },
  {
    "UUID": "538780e5-ac17-4729-ae17-9766e4de2f2d",
    "name": "SouravGaming"
  },
  {
    "UUID": "9883c7f8-5f57-3187-9d9f-423e5be6470d",
    "name": "FatamAOp"
  },
  {
    "UUID": "fb0a4db7-b3af-3f7d-b620-aa011f210b8e",
    "name": "KohinoorGamer"
  },
  {
    "UUID": "9481dcbc-040e-349b-9321-e3f34fbe5526",
    "name": "DarkStarLegend"
  },
  {
    "UUID": "b88300fe-e3ee-3eef-9495-73172ff3efee",
    "name": "ELiTE_IND99"
  },
  {
    "UUID": "d1520a58-7b96-3a4c-b8b1-cedc06f5c0ab",
    "name": "Idk_23_done"
  },
  {
    "UUID": "f4fb1e14-5c62-31db-ae53-bc0dc133a6d8",
    "name": "Pubi_YT"
  },
  {
    "UUID": "00000000-0000-0000-0009-01f54cceb7d7",
    "name": "_OkayCandle2"
  },
  {
    "UUID": "a2901536-8098-38a2-85bb-41d426ccc7da",
    "name": "LegendXAreeb"
  },
  {
    "UUID": "446f2f24-95eb-3ea1-b794-68599f4f5a66",
    "name": "NoVa_XD01"
  },
  {
    "UUID": "10420d22-060a-3345-ac22-d3f90f473a56",
    "name": "Notloyal"
  },
  {
    "UUID": "ae9f6c4f-e526-3b89-8bc1-1cbc4f36cedd",
    "name": "Mohit_990"
  },
  {
    "UUID": "d74098ad-6301-3237-87fa-18bdabc610b3",
    "name": "uHbsbsjsiwhqbava"
  },
  {
    "UUID": "26bbac1c-4e51-4893-a313-8622321b91a6",
    "name": "AnshuBlox"
  },
  {
    "UUID": "d52415a7-45ed-3910-b9a3-19483ce2da9d",
    "name": "Akoma_matata"
  },
  {
    "UUID": "71aa7bed-61b8-3b8d-992d-a1e213ba89ed",
    "name": "MoneyIsPower"
  },
  {
    "UUID": "849c9ff2-5d3d-3be7-81d3-f7c1c7d4269f",
    "name": "DarkWebGamerr"
  },
  {
    "UUID": "e0d6cadb-59be-3359-99f9-3932ad86e749",
    "name": "Hanan_Is_OP"
  },
  {
    "UUID": "efd48d51-8a34-308f-b1b7-e245b03b8906",
    "name": "XzFrosT"
  },
  {
    "UUID": "3909296a-4c32-3cf4-bc76-cd7b738bf0d1",
    "name": "Ishugamer266"
  },
  {
    "UUID": "57c5329e-56d2-3064-8321-bfee3f6582b4",
    "name": "proworrior10"
  },
  {
    "UUID": "fcdd29c0-41c4-30ca-afb1-1661c14a4e7d",
    "name": "duping_fan"
  },
  {
    "UUID": "dadd1277-2034-3aa4-bda6-86bd13d57002",
    "name": "SnZBFGYfg6"
  },
  {
    "UUID": "927e3d59-a9ad-49a2-be1b-509066d04d84",
    "name": "_SlippyPlays"
  },
  {
    "UUID": "fea220d7-a7f9-36b2-9887-46d755db3e4f",
    "name": "Thunder_Fien"
  },
  {
    "UUID": "86faf639-114e-36f1-bb74-0c82b0daf2ab",
    "name": "ShayanGamerz95"
  },
  {
    "UUID": "76079f2b-e38b-3158-93b6-f1b25e604566",
    "name": "jack_chor_"
  },
  {
    "UUID": "b3c0ce01-038b-340a-9243-1e264c2a190f",
    "name": "Tanim_hossain"
  },
  {
    "UUID": "af988476-9696-3b21-8793-f6329676ea8f",
    "name": "Kunopuac200"
  },
  {
    "UUID": "d2482368-98a1-4904-a0d3-66d72a8f270f",
    "name": "RED11DEVIL"
  },
  {
    "UUID": "6d642e75-9443-39ec-8837-71196ad22e46",
    "name": "hackerbhai2024"
  },
  {
    "UUID": "dc62fb0c-fd06-3884-a1e9-6e2d5bcad5e7",
    "name": "Killerpro141"
  },
  {
    "UUID": "9a338a9f-ec2c-36b4-a83d-7ebe28319780",
    "name": "aarav"
  },
  {
    "UUID": "cd82f431-dcf3-3e39-a1d1-b46c0c1121dd",
    "name": "dgdsagjudfjgu8sa"
  },
  {
    "UUID": "00000000-0000-0000-0009-01fed433cece",
    "name": "_NOTREXY83383090"
  },
  {
    "UUID": "49df8bbf-f278-3c63-a200-3594d2a8024c",
    "name": "Sanju_x11"
  },
  {
    "UUID": "d4970b03-72c9-48db-ace5-24ae8b0575c3",
    "name": "jaatyuhu06"
  },
  {
    "UUID": "592eb363-a09e-33fe-9dca-5bde1ecf2ae6",
    "name": "Kanha"
  },
  {
    "UUID": "0e9b8ee6-c8e6-34a4-bed7-8a2ec7660cb1",
    "name": "Kartvya69"
  },
  {
    "UUID": "bffa2851-fe0e-36ad-be61-866d8ed29ac0",
    "name": "D4RK_Magic"
  },
  {
    "UUID": "4351c906-75e6-37bf-88d4-0d47066798e3",
    "name": "kousikalamalam"
  },
  {
    "UUID": "00000000-0000-0000-0009-01f274332ed2",
    "name": "_Note_gamer_25"
  },
  {
    "UUID": "00000000-0000-0000-0009-01f4b8571ab4",
    "name": "_VoltaoiXzoro"
  },
  {
    "UUID": "5454edda-6897-3b93-b6e2-54c426b11d03",
    "name": "anishnotfound"
  },
  {
    "UUID": "00000000-0000-0000-0009-01f8c1a7cb77",
    "name": "_Shaurya656"
  },
  {
    "UUID": "b7531462-6114-36a4-8888-a0a28959f6d3",
    "name": "Unknownmous"
  },
  {
    "UUID": "adc84724-49ac-43c7-8aa7-5139b1c619fb",
    "name": "MrDoItRight72"
  },
  {
    "UUID": "00000000-0000-0000-0009-01fa06ffdc29",
    "name": "_NotJay3620"
  },
  {
    "UUID": "4174d4c4-4d92-32af-8529-a8fdd1aebddb",
    "name": "SenpaiSpider20"
  },
  {
    "UUID": "dbfa1616-477a-3260-a409-6256e8b94d3d",
    "name": "CpvpPyroo"
  },
  {
    "UUID": "c60d1951-723e-319c-900e-21aa7dba1bce",
    "name": "Prince10803"
  },
  {
    "UUID": "d0946a44-9be2-394d-95be-204f0e71b0ce",
    "name": "wasthatabyssal"
  },
  {
    "UUID": "2e9648c3-7a0e-39de-b111-3bbda7d6fbcd",
    "name": "MR_UNKNOWN00"
  },
  {
    "UUID": "c51f6fe3-bbed-3b0c-af8d-28d25dd2c3a4",
    "name": "TheSakibOp69"
  },
  {
    "UUID": "9f494cf7-e527-38f6-9835-b67878b27ba7",
    "name": "ItzSam_"
  },
  {
    "UUID": "65aabe69-410c-38ac-a205-b24a5398ea8f",
    "name": "VIPERION"
  },
  {
    "UUID": "00000000-0000-0000-0009-01fe89df6315",
    "name": "_AccurateXDyt"
  },
  {
    "UUID": "54c03655-15e7-3878-bd29-12df40dbc319",
    "name": "EVILHARSH69"
  },
  {
    "UUID": "914a1d8f-3778-3942-977a-4bd86ff75a94",
    "name": "XDGAMING773"
  },
  {
    "UUID": "00000000-0000-0000-0009-01fcf4afbe65",
    "name": "_DHONI_KING3243"
  },
  {
    "UUID": "022a9eaa-3326-310c-a030-75c2e201ba19",
    "name": "Crazylad89"
  },
  {
    "UUID": "41a43bbe-fa06-3494-b0bf-56d7e42cbd88",
    "name": "ful_maya"
  },
  {
    "UUID": "b21e94ea-6362-3173-b5d8-ef05717bdc06",
    "name": "S0uLLegend_"
  },
  {
    "UUID": "36b2ab78-3cbe-34c2-8bc8-6d3a42273a26",
    "name": "KnightPierce"
  },
  {
    "UUID": "5a986059-7010-3737-af0e-39e4cf267f6d",
    "name": "Chattu45"
  },
  {
    "UUID": "aef5725b-2eb8-308c-a73e-79cff9e476c6",
    "name": "sushant_rawat"
  },
  {
    "UUID": "2e5bf148-c416-34e8-8bbb-50d0c8d23f1a",
    "name": "HKGAMER_"
  },
  {
    "UUID": "ed6dc1fd-78df-316f-beaf-b6b79970f706",
    "name": "CraftyyLand_0904"
  },
  {
    "UUID": "00000000-0000-0000-0009-01faf023429e",
    "name": "_GreenySensei"
  },
  {
    "UUID": "ec70a39d-8768-3628-b7db-bc6a8eb5d0fa",
    "name": "_HaiderPlayz"
  },
  {
    "UUID": "38162408-0e5b-3d06-9b28-0fd39fb79756",
    "name": "ramiz901"
  },
  {
    "UUID": "5d7e8cb5-0b6a-4e5b-a099-8999637635d5",
    "name": "poopyness1"
  },
  {
    "UUID": "194870c6-9e40-31e1-9627-9b7879c261e8",
    "name": "DEM0NDark"
  },
  {
    "UUID": "9b68baf0-8041-385c-8c70-2c44b06ac285",
    "name": "Gamingweb250620"
  },
  {
    "UUID": "f5ba6658-cb9f-3b21-8312-acc6a01157fa",
    "name": "Not_Sh4UrY4xD"
  },
  {
    "UUID": "7faa4b9f-eb05-4b03-93a2-165698673ac3",
    "name": "Hexom_"
  },
  {
    "UUID": "7e9fa570-f058-34ec-8b66-6a7e5dbea09a",
    "name": "rounak_plays"
  },
  {
    "UUID": "5ee0f9dc-71eb-365d-83b3-a6b388bdc65d",
    "name": "OZ8P"
  },
  {
    "UUID": "86d24ffb-cad5-3047-9a0a-477f9b5c5efc",
    "name": "DuhLalaOp"
  },
  {
    "UUID": "c4b5d6e8-5979-3545-8ac4-4fba74420432",
    "name": "_xCrackx_"
  },
  {
    "UUID": "befe86fb-1b09-44f0-9926-44635f8ffe44",
    "name": "GamerIsBack05"
  },
  {
    "UUID": "943bd775-2c82-3a10-a857-44fd668dac89",
    "name": "Brajesh"
  },
  {
    "UUID": "ff66e4e2-c411-3a06-a09e-a8bf1671e0b7",
    "name": "kartik_warrior99"
  },
  {
    "UUID": "45389282-7342-3436-99c7-fc638a52144d",
    "name": "THUNDER_GAMER_OG"
  },
  {
    "UUID": "6d824a29-b1a4-3c5b-8b51-89b3576e94a1",
    "name": "Farhanplayz"
  },
  {
    "UUID": "faa6f9aa-d77d-3362-be6d-db2e867d2f57",
    "name": "NotShashwatYT"
  },
  {
    "UUID": "21befaf9-ab62-4c62-9603-687de31b52a1",
    "name": "XzorPlayz"
  },
  {
    "UUID": "83509492-9a23-3c07-b0d7-f4fc7c27ea6e",
    "name": "PUBI_KO_MARO"
  },
  {
    "UUID": "00000000-0000-0000-0009-01f40bd179a1",
    "name": "_GodBreezeXD"
  },
  {
    "UUID": "318d7d77-8494-3d2c-8615-d492974e4b18",
    "name": "askfor"
  },
  {
    "UUID": "d39b0c2f-f5d4-388e-b5a4-8bf6ca8bbda2",
    "name": "SARIM_OP"
  },
  {
    "UUID": "75a961f7-d516-3407-92a5-52faf67680fc",
    "name": "Abdul_Rafeh_"
  },
  {
    "UUID": "15fc2c91-c066-3806-9cf7-bad3165032e5",
    "name": "TitanMcArtistYt"
  },
  {
    "UUID": "0d689d91-171b-38f5-9b58-36509ade3363",
    "name": "Khubaib5"
  },
  {
    "UUID": "3d175f59-054e-3619-8e30-326a894537a2",
    "name": "Jakshwarrior"
  },
  {
    "UUID": "f41e869e-b6d4-4248-911b-10bf19d385cf",
    "name": "DarkDevil_088"
  },
  {
    "UUID": "84ab4e43-bbf6-356e-8041-90f086cce1a6",
    "name": "Bear669"
  },
  {
    "UUID": "49197df1-0b3d-3ff3-a17f-a53a26b10179",
    "name": "yourManveerrr"
  },
  {
    "UUID": "a3df56a8-a25d-3c0b-81ce-dcaa91e2d40b",
    "name": "DIVYANSHU_ALT"
  },
  {
    "UUID": "cde83e82-2266-3577-b523-63246fd0c61c",
    "name": "Sushant_rawant"
  },
  {
    "UUID": "082c7c41-1965-3bc0-9527-4ca7ee93ca6e",
    "name": "BetterLopiBoy"
  },
  {
    "UUID": "1060e8dd-7daf-470a-8415-9c5e58d8d931",
    "name": "Reveled"
  },
  {
    "UUID": "5319eed0-0fe8-3225-b8bb-91883acff045",
    "name": "AdityaMSD7"
  },
  {
    "UUID": "10ac4cc2-14d9-333c-ab76-a986536641a0",
    "name": "ANSHUSINS"
  },
  {
    "UUID": "53e9be0b-57bd-3d24-9800-cfc5cdad36ad",
    "name": "Terichut"
  },
  {
    "UUID": "e17decaf-beb1-418c-9457-17dd072775fc",
    "name": "JayGotGame74"
  },
  {
    "UUID": "dd9a14c4-2f4f-369a-a503-e558339ce08f",
    "name": "CHERRY_69"
  },
  {
    "UUID": "81165306-5218-3e15-af8b-7726dcc379b4",
    "name": "slayer0550"
  },
  {
    "UUID": "f0533e0b-2a38-36c9-befd-f72ab57b6dc2",
    "name": "his_senpaiop"
  },
  {
    "UUID": "5285e5cd-7f5e-3d12-9491-45637c210b10",
    "name": "itz_sanju09"
  },
  {
    "UUID": "f850961e-6793-3614-b2a3-bbd49edfd3a6",
    "name": "ekamjot"
  },
  {
    "UUID": "c264ac21-ad49-3056-82b1-ba3c99b841a6",
    "name": "Hussain020"
  },
  {
    "UUID": "6b878251-549f-3a51-874b-1cd1a47fbb34",
    "name": "afnan"
  },
  {
    "UUID": "dc5717e9-2779-3841-bb57-8cb15c3ffc93",
    "name": "EKAMxCRAFT"
  },
  {
    "UUID": "3dfca489-7121-3604-b33b-798096ea01d1",
    "name": "Rajat212705"
  },
  {
    "UUID": "7b4a282c-30f3-3261-a57a-66de718ce808",
    "name": "mahdgaming67"
  },
  {
    "UUID": "47129e99-38fb-48cd-99cd-df22cb253f97",
    "name": "DEATHRULE98"
  },
  {
    "UUID": "84cba41c-59e2-369d-a88e-853f063677cd",
    "name": "PojavSpider"
  },
  {
    "UUID": "47c7f866-9a4e-38c8-b2cc-5399a48f331e",
    "name": "ItzAminulOp"
  },
  {
    "UUID": "2f507dfa-d264-3e02-901b-8ce0c56464b0",
    "name": "safashadgh"
  },
  {
    "UUID": "b3fb641b-7106-49c4-aa48-ca9d6ca0e0b2",
    "name": "IcONBaba"
  },
  {
    "UUID": "0b3c2488-89db-38d9-8d96-5f87a5d23290",
    "name": "ZainPlayz18"
  },
  {
    "UUID": "60fdc204-e062-3a10-af82-b53fb6384fe8",
    "name": "magical69"
  },
  {
    "UUID": "c7a917c6-da6f-3b2f-9dcb-0c7f358acef7",
    "name": "aErroR_YT"
  },
  {
    "UUID": "a4b0c934-7710-336e-ba60-6bd74d5bdefe",
    "name": "manikkumar"
  },
  {
    "UUID": "00000000-0000-0000-0009-01f9a647b45d",
    "name": "_Warrior_op1322"
  },
  {
    "UUID": "9d770738-e999-3761-8845-fe93e7febe73",
    "name": "sigma_glitch"
  },
  {
    "UUID": "18a46466-c6f7-3eed-aeec-9db1337c2f14",
    "name": "RSL7playZ"
  },
  {
    "UUID": "2217ea57-0df8-3df0-b9e7-705c2b656979",
    "name": "IM_Sai_Sai"
  },
  {
    "UUID": "043fa971-ce63-3497-bbc2-2a0892142f96",
    "name": "NotPanda_xd"
  },
  {
    "UUID": "9e389726-ddbf-3f1c-87be-ecd7af4ebc6f",
    "name": "ItsJatinXd"
  },
  {
    "UUID": "1fd2ac54-aa54-324a-937b-b130597fab5a",
    "name": "Strength19"
  },
  {
    "UUID": "153c1384-8832-3453-ad56-364c8951636b",
    "name": "devilgamer0101"
  },
  {
    "UUID": "00000000-0000-0000-0009-01f32d63df63",
    "name": "_THOR2463"
  },
  {
    "UUID": "a1101f3f-e5a9-3624-a7df-d7e1afebb98c",
    "name": "MC_FF_Gamer0"
  },
  {
    "UUID": "c0a11905-18cc-3238-a3ad-f53f637fad41",
    "name": "ShreyansPlayzYT_"
  },
  {
    "UUID": "0d257e49-c3a1-3afc-ba68-07f3382f447b",
    "name": "lopi_boy"
  },
  {
    "UUID": "b216e486-7c59-3385-9730-968ca2184917",
    "name": "god_ADMIN_YT"
  },
  {
    "UUID": "21153ae4-f55c-399c-b82f-70f74e8b5a9d",
    "name": "steveeboy"
  },
  {
    "UUID": "e706097a-17de-3bce-bd7a-0f6d1756b32c",
    "name": "Humnaaayepur"
  },
  {
    "UUID": "00000000-0000-0000-0009-01fcf0c92d3e",
    "name": "_NeroxGL70"
  },
  {
    "UUID": "1061d394-01f1-3640-acf2-098f9932cc08",
    "name": "AnshuPlaysXD"
  },
  {
    "UUID": "abe8ff73-48f4-3068-98ca-a34b50c72344",
    "name": "Ahmedraza090"
  },
  {
    "UUID": "00000000-0000-0000-0009-01f5363303c6",
    "name": "_Uc20102227"
  },
  {
    "UUID": "916e888a-d40d-31f5-8bda-085f4733e4a3",
    "name": "ShreansPlayzXD"
  },
  {
    "UUID": "00000000-0000-0000-0009-01f0603375c0",
    "name": "_Xxx_you_know_12"
  },
  {
    "UUID": "4af350b4-a70d-3e07-bdc0-15436ac06d02",
    "name": "CyanOG"
  },
  {
    "UUID": "182f3041-254e-30bc-ba21-31529b692197",
    "name": "Krishna_King"
  },
  {
    "UUID": "1f0790fe-6582-3353-86eb-8d24ca63f497",
    "name": "1PSD1"
  },
  {
    "UUID": "2ff9e791-333a-35f9-84bf-b6dde93a29e6",
    "name": "ZenpieWardenOP"
  },
  {
    "UUID": "7a7f522d-b28a-3960-b117-6206329b3e27",
    "name": "SheryansPlaysXD"
  },
  {
    "UUID": "16e88671-61f9-34ce-abed-2b46e484d596",
    "name": "vgaming9521"
  },
  {
    "UUID": "b5762933-5adc-305c-a0c4-1471777d691a",
    "name": "AnshuPlayzXD"
  },
  {
    "UUID": "1b41f54c-1de7-30c6-ac7c-17a30ccf2826",
    "name": "Mrskingamerz"
  },
  {
    "UUID": "824fcfae-b6f1-36c8-bb72-2d3c9e88f105",
    "name": "_Ninja07__"
  },
  {
    "UUID": "b8ea8ab5-c7ed-3c7e-9717-e616a7faa32b",
    "name": "Not_Dark_Devil"
  },
  {
    "UUID": "383d6120-9c6c-4c22-9f0b-9834a50acf7a",
    "name": "PubiXD_"
  },
  {
    "UUID": "498930bc-f3ad-35f2-92ac-88f12d3c0c15",
    "name": "JG_ROSHAN"
  },
  {
    "UUID": "ee225e31-8532-4b7f-b8d1-36e3a9e4ad96",
    "name": "Se1ze_"
  },
  {
    "UUID": "5004ee28-3984-3ce5-acc0-05875f244130",
    "name": "ROHITKING25"
  },
  {
    "UUID": "20759952-4cd0-4651-85ec-50559f2d0d12",
    "name": "ReopPlayz"
  },
  {
    "UUID": "20df38b0-95d3-4bfb-8e75-cb5ec7a580e9",
    "name": "LiightSpeed"
  },
  {
    "UUID": "26ad0bc2-4a26-41ca-a169-5a1190b67969",
    "name": "Mal_HTdxby"
  },
  {
    "UUID": "00000000-0000-0000-0009-01fb68307de7",
    "name": "_DiamondGamingS6"
  },
  {
    "UUID": "a0747523-7e8c-3856-8745-309d75f93589",
    "name": "Not_Flexy"
  },
  {
    "UUID": "bef48832-8592-3e21-a019-fe8cf8a84f63",
    "name": "RizonPlayzzz_"
  },
  {
    "UUID": "348ada0e-6abf-3955-a1b9-7854ec9d542b",
    "name": "Dheeraj001rl"
  },
  {
    "UUID": "3220f77b-f0ed-31a8-a101-b3e7c0569a97",
    "name": "Fla2111me"
  },
  {
    "UUID": "a4d0fe9c-9cc7-36c4-a812-7c4f63c17bef",
    "name": "krishna15599"
  },
  {
    "UUID": "5dd639af-e181-37d9-aa89-67ab71de4ae1",
    "name": "ProAnshu6"
  },
  {
    "UUID": "e3a3faf9-51ce-4388-ba0c-9ad6b09ce71b",
    "name": "io4x_"
  },
  {
    "UUID": "781296aa-b6c6-34a7-b5e9-e758fe17ec3d",
    "name": "_itsuuu"
  },
  {
    "UUID": "7cda7277-947b-31ab-85e8-1ba9095f2021",
    "name": "god_luffy"
  },
  {
    "UUID": "fbc05420-f6cf-3a9a-ac8b-5ba9a6ecf63c",
    "name": "SK966092"
  },
  {
    "UUID": "b05ad50e-cc23-39ef-9d95-cb3247e2e594",
    "name": "Biratbroo"
  },
  {
    "UUID": "bca8bba8-aa9a-3033-80f5-273f4c950abd",
    "name": "Dembro99"
  },
  {
    "UUID": "f223a9be-d969-3e1e-a493-c472a5bbddfb",
    "name": "sgasdghdfhdfhd"
  },
  {
    "UUID": "e6458ba5-9150-399a-8a21-f0da2b0af095",
    "name": "lopi_boys"
  },
  {
    "UUID": "b423a7b3-d400-3568-ac40-8dd5c80de72f",
    "name": "SanjuXD"
  },
  {
    "UUID": "1e7646e6-a3b0-35fa-b8c8-7d37ad18d272",
    "name": "nob_bhi_op"
  },
  {
    "UUID": "bd36d31d-9cc2-3553-880a-fc244e572192",
    "name": "TheLonelyGamerz"
  },
  {
    "UUID": "938ee61c-efb5-3443-b652-83c45bef9449",
    "name": "_HT3ezzz_"
  },
  {
    "UUID": "27e11f45-629b-357d-a9e0-a9aa848227df",
    "name": "NiwayOP_"
  },
  {
    "UUID": "17ab21eb-fdf4-315a-891e-c83e8542aad9",
    "name": "Yashuwarrior172"
  },
  {
    "UUID": "18836eb0-607e-39e9-88a9-ce0c39b0c4e6",
    "name": "Shadab_pro8451_"
  },
  {
    "UUID": "a37143ef-f043-3a22-ae0a-5f17399c8626",
    "name": "DimentionHyper"
  },
  {
    "UUID": "4cb70b44-4c22-3de3-97ed-1097d377ee65",
    "name": "Dimensional_15"
  },
  {
    "UUID": "5e14cc28-3001-3dcb-9242-907bd3ea327e",
    "name": "danny678hello"
  },
  {
    "UUID": "358d7ee9-e419-3d04-bd43-992cdb17695c",
    "name": "SahasXd__"
  },
  {
    "UUID": "00000000-0000-0000-0009-01f4351e08be",
    "name": "_OreoBoy3"
  },
  {
    "UUID": "77f9b0d9-8694-357c-98a0-cdf2f20137f8",
    "name": "FN_ARCEUS"
  },
  {
    "UUID": "130d1937-30d5-30f4-8e74-62ab19ba2318",
    "name": "Ethical_Spider"
  },
  {
    "UUID": "63dd73bc-19b9-3b52-b08b-122ff0e4d4a2",
    "name": "BerryFiction"
  },
  {
    "UUID": "00b26af1-4e45-3369-b288-8f62dafc9410",
    "name": "Mohan_Playz"
  },
  {
    "UUID": "72b45440-8546-3d1a-b237-a7b82de7d2aa",
    "name": "Mr_Pahore_"
  },
  {
    "UUID": "265bc2db-b351-33b4-b241-628b811969da",
    "name": "loneragner332434"
  },
  {
    "UUID": "eee6e75e-7bd8-304d-895d-78d797b39079",
    "name": "TErROR_PLAYZYT"
  },
  {
    "UUID": "00000000-0000-0000-0009-01fe9c1a2983",
    "name": "_Trepidglue9860"
  },
  {
    "UUID": "71a56ecb-47d3-3544-a498-c2545aebc5b1",
    "name": "AquaaaPlayzZz"
  },
  {
    "UUID": "674eb22a-9f55-3be7-b1fb-c25266c3f8cd",
    "name": "NotRexy_"
  },
  {
    "UUID": "fb742882-c06f-3074-b946-86de2cbd34ba",
    "name": "silenKiller_gmr"
  },
  {
    "UUID": "8a2a01ef-97c1-48bb-b1a3-a6ebb05eefdd",
    "name": "ZEUSGAMINGYT"
  },
  {
    "UUID": "43ae1c5f-9626-39b9-9f71-5c3309ef7eb4",
    "name": "Vethegamer_2013"
  },
  {
    "UUID": "a32fe2c9-dc05-3789-b5ee-072448d7840f",
    "name": "notsuvo1239"
  },
  {
    "UUID": "d7e9f3aa-ae6d-3d5f-84da-60376ccb632d",
    "name": "Tejash_sus"
  },
  {
    "UUID": "b276e4a4-6db5-3272-a42f-b8b7258f5c78",
    "name": "fffghfhf"
  },
  {
    "UUID": "69023f15-c96b-4427-87d9-8104c1ebb012",
    "name": "Itzlcs"
  },
  {
    "UUID": "46d2ef21-3306-4dd7-82c8-96f0063a515f",
    "name": "ItsUmair99"
  },
  {
    "UUID": "59e6a153-529e-3bdc-9873-07809a03f078",
    "name": "ITZ_THGAMING"
  },
  {
    "UUID": "c0e909a9-959f-388d-9d42-8e3053850025",
    "name": "ZONE_4thclassxop"
  },
  {
    "UUID": "aefe201e-ecef-4077-8556-e91da90873ba",
    "name": "SNEHPUJARA"
  },
  {
    "UUID": "c87e49fa-c55f-349e-aa05-50969016a642",
    "name": "MrD4rkofficial"
  },
  {
    "UUID": "97c49ad9-860a-3195-97e6-2788a2ce9ca6",
    "name": "HYPER_SKR"
  },
  {
    "UUID": "61160bb8-fedb-3b5b-84f5-4b418a51764f",
    "name": "_SHIVAM69"
  },
  {
    "UUID": "d4cfa996-3de2-44f9-94d4-f3ac3bc2747e",
    "name": "ggswapgg"
  },
  {
    "UUID": "c1edf880-d120-496f-ab60-9424c7bf9550",
    "name": "Stonier_xd"
  },
  {
    "UUID": "30842782-ecbc-3a9a-9305-bf6d507d81bf",
    "name": "Mohan_Playz_"
  },
  {
    "UUID": "5f977898-65cf-35d8-8351-62644cf54653",
    "name": "BrotheewxD"
  },
  {
    "UUID": "c636774d-46e1-378d-8667-701db9bd135c",
    "name": "bilalkhan321"
  },
  {
    "UUID": "ef4ff037-2e2a-38b9-830f-4f89c33e6ac1",
    "name": "arnav123ytgamer"
  },
  {
    "UUID": "40ab1005-19b1-3273-ac58-00b71cf327e5",
    "name": "Masum_Gamer"
  },
  {
    "UUID": "00000000-0000-0000-0009-01f13b867eeb",
    "name": "_Riyyan_pro7533"
  },
  {
    "UUID": "0a72b324-52eb-3ea1-a866-72a91d2ace61",
    "name": "Roist_"
  },
  {
    "UUID": "9a5939ca-7067-393b-b974-3fffcec31e1c",
    "name": "MUSA_JAATT_YT"
  },
  {
    "UUID": "84e676fd-0918-347b-9d4d-7ba7a2be3fb2",
    "name": "Ancient_spider"
  },
  {
    "UUID": "53461e67-27fa-3e5c-967a-50456341b567",
    "name": "Ayush_XD_Gaming"
  },
  {
    "UUID": "609d10ef-b136-4af2-9f40-76d31401ca8c",
    "name": "SilenceTrim"
  },
  {
    "UUID": "35da099a-46d8-332b-88c1-99aa4d03d170",
    "name": "DEATH_Exo"
  },
  {
    "UUID": "4cc7440a-1842-395c-83a8-0c5910ea3a63",
    "name": "AyeunBagin"
  },
  {
    "UUID": "ae1c6052-6f38-3ca2-b655-af5f37153760",
    "name": "AshRarity"
  },
  {
    "UUID": "f3d47f81-8ed8-38bb-b4df-d7abb0ce353c",
    "name": "AryanInd_XD"
  },
  {
    "UUID": "159b2268-f537-3ea6-b866-35e77cf3c9a8",
    "name": "X_Sweety_X"
  },
  {
    "UUID": "023449a3-3c15-3715-b593-2e1560ea6741",
    "name": "Sam78xD"
  },
  {
    "UUID": "e8940a9e-5213-31ed-994a-b976c28d6ffe",
    "name": "Kisarayapa"
  },
  {
    "UUID": "d9790b79-c9c1-474f-87f0-68eba7a1288f",
    "name": "Riddhiman_Verma"
  },
  {
    "UUID": "4b7b872e-206d-4162-8807-7c683252b7d8",
    "name": "TiredGazelle25"
  },
  {
    "UUID": "97d32dfc-8c55-3943-8455-16cc1d032462",
    "name": "FlameFrags"
  },
  {
    "UUID": "795c6832-70c5-3231-bce2-af882cd798e2",
    "name": "Neverop"
  },
  {
    "UUID": "49cf7614-053f-4e3e-a6b3-66376d7a15e1",
    "name": "WsSmooth"
  },
  {
    "UUID": "00000000-0000-0000-0009-01f14e434b7d",
    "name": "_REHAN_ZEHER"
  },
  {
    "UUID": "63c6d68d-9fc9-3000-b148-7f279f0e2f24",
    "name": "MrCape01"
  },
  {
    "UUID": "17c40405-b8a7-3fdd-b03b-bf5d17c2f0d5",
    "name": "Yare1yare"
  },
  {
    "UUID": "f7498511-6e66-3af9-89d0-976da9cf4567",
    "name": "lakshay_op"
  },
  {
    "UUID": "f931b787-98dc-3590-aa45-e30dc7503135",
    "name": "Tab_Boi"
  },
  {
    "UUID": "b090a1bf-ce09-37ed-bd81-6e87e6fae9ec",
    "name": "nitinbhai123"
  },
  {
    "UUID": "83eb684f-6772-3fa4-8101-ff9fd7deced2",
    "name": "ARISEGamerzKK"
  },
  {
    "UUID": "e84093f5-196f-3d67-8ce9-8758924472a9",
    "name": "ROGUExALI"
  },
  {
    "UUID": "0e8f9535-3d09-3c75-90a4-d857fce4f233",
    "name": "SarFaraaZPlayZ_"
  },
  {
    "UUID": "2efd28bc-f5fe-392e-80df-3e8dd6f08ed1",
    "name": "PARONA13"
  },
  {
    "UUID": "19bd0a7c-9a18-338a-99e9-1ccdf932aaa7",
    "name": "VPARMAR_GG"
  },
  {
    "UUID": "20247c84-3842-3acc-933b-a998f0f62098",
    "name": "HULULU"
  },
  {
    "UUID": "79ce44b7-edb5-38ef-8dc8-f86656159f7c",
    "name": "Dimention_Hyper"
  },
  {
    "UUID": "371580cd-f69e-3d02-b0db-98c524831c3c",
    "name": "zuhair110"
  },
  {
    "UUID": "a008b73e-f151-35c2-a411-f94814b55eac",
    "name": "OGGY_MASTER"
  },
  {
    "UUID": "00000000-0000-0000-0009-01f3fa455755",
    "name": "_Mr_ishan1849"
  },
  {
    "UUID": "8bf92312-6444-333a-a400-bba589c89d12",
    "name": "adiadi"
  },
  {
    "UUID": "55d7325c-41f2-321c-92f4-37fd656478e3",
    "name": "DEMONDark"
  },
  {
    "UUID": "ab6b1ab6-4a71-30e5-85f9-10b3625b98a8",
    "name": "CraftmanBG"
  },
  {
    "UUID": "ab480a08-3f76-36fe-b895-40517bf25f09",
    "name": "ItzDemPlayz"
  },
  {
    "UUID": "edb8cccb-8e6d-3718-93c2-8301dc7c2840",
    "name": "DEMONdark"
  },
  {
    "UUID": "105ea620-2e69-3fe9-97d1-b33fe6e9f103",
    "name": "Itz_Sumile69"
  },
  {
    "UUID": "55e34633-af47-321f-8cca-79249924beb9",
    "name": "FYNOXtwo"
  },
  {
    "UUID": "a35098a5-7d76-3e6c-9187-853d022b1a83",
    "name": "itz___4i9"
  },
  {
    "UUID": "a766e8a3-9324-370c-8643-267a640efad9",
    "name": "JasmeenIsBack"
  },
  {
    "UUID": "be0ca1e8-9ffa-4faa-871d-b70bc6db647c",
    "name": "stack_0021"
  },
  {
    "UUID": "6f4f20d3-019c-3b3b-ae6d-248bf146db97",
    "name": "PriorAbyss_Op"
  },
  {
    "UUID": "64170e3b-eaa1-3344-976f-a34cf1ea830f",
    "name": "Mr_vyltix"
  },
  {
    "UUID": "01c5dbc8-d99a-34c7-8d03-d2a4faa28f40",
    "name": "ItsSanju09"
  },
  {
    "UUID": "00000000-0000-0000-0009-01f35d1c19f1",
    "name": "_Jivan_roka"
  },
  {
    "UUID": "e39b0034-9eec-3452-8f15-db92dfeb9f6a",
    "name": "CuitePie_Anjali_"
  },
  {
    "UUID": "0db6a665-be1f-3b14-8abf-65ebcb1f0f8b",
    "name": "PubiXD_"
  },
  {
    "UUID": "770ac3ee-fcce-31ef-b8f8-afaed6a6152d",
    "name": "MysticalZe"
  },
  {
    "UUID": "0202070c-8ce9-3a1b-856b-86d6c706d258",
    "name": "Jasmeen_69"
  },
  {
    "UUID": "b2d894c8-c981-313f-948d-3b03fd593958",
    "name": "itz_jaadu"
  },
  {
    "UUID": "958f9c29-f509-3a58-b620-6c5bdd093ca7",
    "name": "NOTOPRAYYAN"
  },
  {
    "UUID": "85238216-3f19-32d6-ad79-d0b2293f7b2d",
    "name": "billa_bhai"
  },
  {
    "UUID": "bc9c1a0c-eb11-30a9-b71f-b30db41e4007",
    "name": "multani56"
  },
  {
    "UUID": "eeccf37c-aea5-3f8b-8cb1-7610ce0d7d1a",
    "name": "Aarib_PlayZz"
  },
  {
    "UUID": "354659ac-6c8e-3c55-ae08-17695389fbf7",
    "name": "SlightyHeFTY"
  },
  {
    "UUID": "8e0ed055-0cd9-3d50-a66d-897a9661239b",
    "name": "Who_is_Smart"
  },
  {
    "UUID": "afb1864d-43d5-3ebd-afc2-1984b14f26dc",
    "name": "SpYKaiF_"
  },
  {
    "UUID": "e44f79dc-d209-30d6-a613-c4b4e01e28b3",
    "name": "Itz_Fiizys"
  },
  {
    "UUID": "66f58cf2-8a58-3778-b9d4-a622d315e68c",
    "name": "GetTogether"
  },
  {
    "UUID": "a5c9dda5-6e13-4624-aedb-adf35e9748ad",
    "name": "order560"
  },
  {
    "UUID": "99c30c6c-755f-3b0b-8f42-931c4986c369",
    "name": "Sankiii"
  },
  {
    "UUID": "bd1462ec-8e04-3832-9334-49bbdb7a756b",
    "name": "_notflow"
  },
  {
    "UUID": "00000000-0000-0000-0009-01fa340b70a9",
    "name": "_HUSNAIN521"
  },
  {
    "UUID": "8230b0c3-e931-3831-b2cc-a510ebde42a0",
    "name": "Sam_ff_uk06"
  },
  {
    "UUID": "2bfb2249-c96e-389c-804d-cc1b9f710632",
    "name": "DevilRaj_"
  },
  {
    "UUID": "00000000-0000-0000-0009-01f1b6ed6a42",
    "name": "_KING_IS_BACK873"
  },
  {
    "UUID": "4b10334d-69f2-3e75-b72d-f7dc9ad0c0a3",
    "name": "Rtwy2324"
  },
  {
    "UUID": "d10355ee-18b8-4f00-bf27-b7fe5d4f439a",
    "name": "Triggered_11"
  },
  {
    "UUID": "f5b34219-0de4-3742-bb20-e34c7b5deb67",
    "name": "DRAGFIRE_GAMING"
  },
  {
    "UUID": "3e13dfaf-3ea3-3b26-b382-0dadf50cea78",
    "name": "NotSloppyOp_"
  },
  {
    "UUID": "9701d587-6268-4c8a-90b6-17d0d3ee558f",
    "name": "SKGAMING01"
  },
  {
    "UUID": "fabcf340-7589-3ecb-b6d4-6bd37be8b135",
    "name": "Karan_Insaan"
  },
  {
    "UUID": "b4d353f6-1f6c-3815-b2e4-54416e090595",
    "name": "ShadowedQueen1"
  },
  {
    "UUID": "2c05b7a0-ede0-428c-9a2d-05145475d2e3",
    "name": "Dino12_XD"
  },
  {
    "UUID": "b3b6a379-23e1-34ed-9584-0324d9b3edb9",
    "name": "Mahakal_gmr"
  },
  {
    "UUID": "751f8f09-ebcb-4231-88bf-9287dd7551ca",
    "name": "OpGamer7570"
  },
  {
    "UUID": "a493f6a9-ad75-3898-9ae0-ecb1befdd216",
    "name": "bombitgamerop"
  },
  {
    "UUID": "64b82091-1db1-36cb-b993-97bc0733d321",
    "name": "SkyPlau"
  },
  {
    "UUID": "f1704a1e-6742-4c4c-8563-64514d13b12f",
    "name": "SpanPro786"
  },
  {
    "UUID": "ea5c3574-5dba-3e92-9728-6e5f0139793f",
    "name": "Eabiubail"
  },
  {
    "UUID": "006db2b5-d423-3260-8466-bdca781e105a",
    "name": "Opprate49"
  },
  {
    "UUID": "a31bc1fa-0ab7-3798-884d-4442d9ae3f1c",
    "name": "Parv_OP"
  },
  {
    "UUID": "00000000-0000-0000-0009-01f62996351c",
    "name": "_Theproboy898"
  },
  {
    "UUID": "e6b7d717-bc79-375c-9b43-5185beff1bc9",
    "name": "Fireguy"
  },
  {
    "UUID": "ffcdef4f-5b20-4666-a8f8-632a858e6eed",
    "name": "Degg_LntDWW"
  },
  {
    "UUID": "3b8bf901-72c2-317c-b690-73c4d508fc10",
    "name": "LivingLegendOp"
  },
  {
    "UUID": "fd30aafa-26bc-31a4-9726-924e3e3f7eff",
    "name": "mzvikas11"
  },
  {
    "UUID": "3bfd11db-b75f-3c73-8b23-28a58317b4e0",
    "name": "mango1978"
  },
  {
    "UUID": "5b1b3053-d4a0-31f0-ad06-bc12f4163e64",
    "name": "Itzumar1203"
  },
  {
    "UUID": "00000000-0000-0000-0009-01f59fc86b4b",
    "name": "_MCflame69"
  },
  {
    "UUID": "96697c08-f765-3a09-afda-6cf3a8d74971",
    "name": "riyagamer"
  },
  {
    "UUID": "459ce298-7cae-3ae8-8853-89d3c9e81cae",
    "name": "ITSREALMG"
  },
  {
    "UUID": "7a88c592-267f-3ca8-8978-5801c4157d25",
    "name": "boiz_gaming"
  },
  {
    "UUID": "e9e69bf7-09a7-3ba4-8a1e-85495231a0f1",
    "name": "SenpaiSpider10"
  },
  {
    "UUID": "8e082967-6349-468b-8de1-9e79c3900f23",
    "name": "BATMAN__xd"
  },
  {
    "UUID": "82834350-75da-3c3b-bea7-67cd9bb65f69",
    "name": "aarav_aprimem"
  },
  {
    "UUID": "6f1eaa5d-61de-3225-82f3-0a21c2c66923",
    "name": "GodLegendOP_"
  },
  {
    "UUID": "72d7fd3e-df16-3a61-8dea-5b9b84b81dc5",
    "name": "ReopPlayz"
  },
  {
    "UUID": "b1263b22-42d9-37dc-b3af-abef89a59b73",
    "name": "naya_proplayer12"
  },
  {
    "UUID": "92d1f8a4-583a-36bf-b30f-7dd3b2968d23",
    "name": "_a_rnav___"
  },
  {
    "UUID": "f0609a8f-6389-3adc-aa82-c7455f576cb7",
    "name": "PIVOZZZZZOVZAVR"
  },
  {
    "UUID": "39ee1bb6-7f11-3708-a2d7-cffd4f742d80",
    "name": "nizgaamerop"
  },
  {
    "UUID": "2a7d6510-2c91-3627-8de9-72c7af8f08db",
    "name": "Op_gamer404"
  },
  {
    "UUID": "7fb41f0a-9762-4c0b-b1ac-4eed35bcbc89",
    "name": "PowerfullAarab"
  },
  {
    "UUID": "3559f048-f670-37e5-966c-3b5b6bc687dd",
    "name": "IAMDK23"
  },
  {
    "UUID": "767101f3-9be0-3a2a-8d52-de061f4d17f8",
    "name": "yoooohesum"
  },
  {
    "UUID": "61190de3-be53-32ea-b0c3-4a3640166f0b",
    "name": "Manjiro_7x"
  },
  {
    "UUID": "00000000-0000-0000-0009-01f4f291a6c0",
    "name": "_DEVILGAMING12k"
  },
  {
    "UUID": "b371fa0a-989b-356a-aa40-bf27904edc0c",
    "name": "lopiBoy"
  },
  {
    "UUID": "05d9512b-77be-3e52-a73d-e3a93ca31099",
    "name": "Jayesh_Bro"
  },
  {
    "UUID": "d29b5674-2317-30c3-b94f-bb9ba3be53e1",
    "name": "NOT_SKULL"
  },
  {
    "UUID": "00000000-0000-0000-0009-01fe68d2f497",
    "name": "_Madukings15"
  },
  {
    "UUID": "8230ce81-bc99-39d6-bb31-23db51f3dd51",
    "name": "Ked0x"
  },
  {
    "UUID": "846f9679-7c01-36d0-a4ea-70d5dc386577",
    "name": "Sanju_x11_"
  },
  {
    "UUID": "98f6826b-035c-48a6-ac08-d31b64cab706",
    "name": "Jodx_gamer_"
  },
  {
    "UUID": "e9e64213-85ee-369a-96a1-11a7568d3cb2",
    "name": "str0mBlead"
  },
  {
    "UUID": "ae96fee5-1d34-4a89-9dfe-a044da6f2da3",
    "name": "Shadezz_30"
  },
  {
    "UUID": "177f2a31-16a6-3b8b-85cf-09994afefb73",
    "name": "SketchWise"
  },
  {
    "UUID": "75b4aa0c-396a-3a68-94cb-92dcb4973b83",
    "name": "spy_playz13"
  },
  {
    "UUID": "00000000-0000-0000-0009-01f96a0b7641",
    "name": "_The_killer_no_9"
  },
  {
    "UUID": "a95fcbf5-1844-36df-a68f-f6620f6ad60c",
    "name": "senpaipvper5"
  },
  {
    "UUID": "03a08f79-d95a-41f3-9575-95415bb2b248",
    "name": "Spectrograms"
  },
  {
    "UUID": "b3b99c35-3f47-37cb-8d33-956c20f22269",
    "name": "NaitikLo4dOp_"
  },
  {
    "UUID": "2b66d230-4ce3-3b0d-ac9d-8d906db697c6",
    "name": "Lenoplay"
  },
  {
    "UUID": "65c00fd4-19c3-3b66-a450-863f51513e47",
    "name": "MrKarna"
  },
  {
    "UUID": "fa11db97-e772-376d-bd2f-ba6389610a78",
    "name": "DevilGamer08"
  },
  {
    "UUID": "e6135a83-d680-39d6-b4be-65a3d8bb97ad",
    "name": "Dream"
  },
  {
    "UUID": "f31a0930-49c1-36fa-a61c-38720849bef8",
    "name": "lucky_789_xt"
  },
  {
    "UUID": "198b0208-3039-31d7-8ca6-c417b3516c42",
    "name": "ratneshjain"
  },
  {
    "UUID": "065c0b4e-c4d9-3320-ba29-b784983e72a8",
    "name": "iG_Mudit"
  },
  {
    "UUID": "c7bb852f-a2b5-3cec-aa98-0fda01516d0e",
    "name": "XBiratX"
  },
  {
    "UUID": "00000000-0000-0000-0009-01f3b787eba9",
    "name": "_Preet4716"
  },
  {
    "UUID": "00000000-0000-0000-0009-01ffa5159936",
    "name": "_Shinobu_cute_09"
  },
  {
    "UUID": "ed044e63-2a15-32b9-9c02-3d2be9b0b688",
    "name": "Denaliy"
  },
  {
    "UUID": "a2ec4e44-9558-38fa-9cdf-a1157464ed78",
    "name": "jjkjujustukaisan"
  },
  {
    "UUID": "00000000-0000-0000-0009-01f260cb14d0",
    "name": "_Gauravpro4567"
  },
  {
    "UUID": "8f3042a0-db58-35ce-b959-fff439685121",
    "name": "Hentaiiloli"
  },
  {
    "UUID": "5627ffd6-48c7-38a1-992d-0a89eba24473",
    "name": "legend_xd8"
  },
  {
    "UUID": "c7a69c82-63d3-3d5e-8518-e1798e8912a2",
    "name": "_Gaming06010"
  },
  {
    "UUID": "0eb27261-fc5d-30a0-80fc-62c82b0774f9",
    "name": "piyu_4408"
  },
  {
    "UUID": "77c8a564-49bf-4e28-9b36-664283a5660e",
    "name": "MiaHope568178268"
  },
  {
    "UUID": "4e58d46f-fed5-3028-a627-b0f52743b0bd",
    "name": "jasu"
  },
  {
    "UUID": "b23cefea-9874-3304-a7ad-8238b74e899a",
    "name": "Falix25"
  },
  {
    "UUID": "a6bf0284-0b39-3f7d-83c0-928af0fe942c",
    "name": "wafasdtgsg"
  },
  {
    "UUID": "569fd878-d522-3bb0-8d82-a4f566ae2245",
    "name": "BOOS_ARIAN_YT"
  },
  {
    "UUID": "698cadd7-c3f5-3b4e-ac27-71752d9ac9c6",
    "name": "TALHA_OG"
  },
  {
    "UUID": "acbfef3f-38af-3372-bc83-035ba2bd78cb",
    "name": "pujram"
  },
  {
    "UUID": "00000000-0000-0000-0009-01f81ba3f7a6",
    "name": "_TERRY_BOGARD151"
  },
  {
    "UUID": "58db6eeb-af72-35c5-ab05-de2d644e1814",
    "name": "mHupagal"
  },
  {
    "UUID": "5b4bbaf1-e02e-4711-a9a8-c8c3a05b3a42",
    "name": "DX_FLAMING"
  },
  {
    "UUID": "459a6372-a8e1-44b2-9930-56089d9175e5",
    "name": "HarisAli_"
  },
  {
    "UUID": "9ec0d474-fad0-446f-94e0-3cbbebb5021e",
    "name": "RuinerAlive"
  },
  {
    "UUID": "043aa93a-2619-34e9-b545-b1fb5d1fc3aa",
    "name": "ItzSmiteXD"
  },
  {
    "UUID": "74d5e153-bb55-374d-9d76-d90aed2d1d33",
    "name": "RitvikGotSomeRiz"
  },
  {
    "UUID": "00000000-0000-0000-0009-01f48b38b73b",
    "name": "_Razorjjjjjj"
  },
  {
    "UUID": "61b7f874-c645-36a1-ad50-6d7635cac935",
    "name": "AnjumxGameryt"
  },
  {
    "UUID": "0c9dc4fe-9500-3a1c-9de6-ebab3030bf04",
    "name": "JokerKiHaveli_"
  },
  {
    "UUID": "0b61d83c-ce74-38e9-9115-8f9c261a535a",
    "name": "YTgaming232"
  },
  {
    "UUID": "370757bf-10af-387d-b47f-004b693b9369",
    "name": "ZENUX_PLAYZ"
  },
  {
    "UUID": "653baf78-dbe1-3076-9cb8-2a9330904961",
    "name": "GlacierLegend678"
  },
  {
    "UUID": "3447fdd9-1e56-3e72-9deb-3bdcf0c9a14a",
    "name": "iminvince"
  },
  {
    "UUID": "2efddc0d-e05f-3094-84fe-2bb9bc945ff9",
    "name": "Shadab__pro8451"
  },
  {
    "UUID": "685fbc2c-0650-417f-b012-477b93270106",
    "name": "ShreyansPlaysXD"
  },
  {
    "UUID": "134a5e52-d211-33d7-89f1-48fd87ca0c00",
    "name": "TNT_Pro08"
  },
  {
    "UUID": "4be1ce48-6a44-3879-8087-f875ecca8db5",
    "name": "LopiBoy"
  },
  {
    "UUID": "d1dc27c4-c91d-3e08-8421-a064ae8a2dd8",
    "name": "itsWarden5"
  },
  {
    "UUID": "9208d8e2-022d-306b-ba65-f0a5c16b851c",
    "name": "aaronxd15"
  },
  {
    "UUID": "3e3fb78d-c0f7-4bdc-89c0-e3289d99f3f5",
    "name": "Arsh77_yt"
  },
  {
    "UUID": "68a7dca6-c7cb-35ef-8608-2608229232a9",
    "name": "NOT_THUNDERZ_XD"
  },
  {
    "UUID": "f9298c6b-393d-306c-a762-55cfee86fe27",
    "name": "mdshahil"
  },
  {
    "UUID": "00000000-0000-0000-0009-01fd00e74f32",
    "name": "_sadhana1831"
  },
  {
    "UUID": "d732996f-5217-3c83-8a7d-3ede832bd160",
    "name": "asef"
  },
  {
    "UUID": "9c0b703b-c863-4a71-ba00-bb5e0dd3e48c",
    "name": "NoobMasterNoob"
  },
  {
    "UUID": "d18232af-7e17-3feb-8e39-5dcd7faa60ac",
    "name": "Adi_ka_Bhai"
  },
  {
    "UUID": "8abc5471-96f4-3739-a8e6-5df1eb8b0fb8",
    "name": "LordSprenz"
  },
  {
    "UUID": "90e62101-cb5b-374e-93d1-e2463e148c55",
    "name": "Not_Clowny"
  },
  {
    "UUID": "75ed0cbb-ba41-30a6-b260-f8b1e79b68dc",
    "name": "AdigamerYT"
  },
  {
    "UUID": "d4c65953-920b-4194-8ce8-049f52a56af0",
    "name": "SenpaiSpidar"
  },
  {
    "UUID": "96052aee-b844-3e40-804c-08b3d4b3e888",
    "name": "Angry_plays"
  },
  {
    "UUID": "927a9009-db08-3c63-8023-29fda62c7cdc",
    "name": "SkyInsaan"
  },
  {
    "UUID": "b9cbff57-f641-3954-84bd-a7217ffc0bd1",
    "name": "RED1DEVIL"
  },
  {
    "UUID": "d8bae1ba-492d-37a2-91b6-0146e2884bce",
    "name": "6are"
  },
  {
    "UUID": "00a9e29e-2520-3fc4-a936-8eb699c8d0db",
    "name": "NotGauravKing"
  },
  {
    "UUID": "bb1a6721-3ecd-33a1-b86d-ea8e188e3d7a",
    "name": "ShryansPlaysXD"
  },
  {
    "UUID": "713eac73-25fc-30c0-a380-d3d1cb419522",
    "name": "itz_jaddu"
  },
  {
    "UUID": "1d5986d7-a6c5-3007-b16e-0fa4772882ea",
    "name": "DemBro96"
  },
  {
    "UUID": "64934d49-c608-348a-b2da-2b65f44ad0e8",
    "name": "BlackDevilzx_"
  },
  {
    "UUID": "10c222da-1b89-3761-9d2d-5cd51b0b9a45",
    "name": "PokeCiity_72"
  },
  {
    "UUID": "51a42ea9-aecd-358d-8e93-2238561850b8",
    "name": "_DragonLegendOP_"
  },
  {
    "UUID": "3626ceda-a9d3-33cd-8d24-9b6b8d8daf66",
    "name": "Homes_Xd"
  },
  {
    "UUID": "3d50b189-6904-3ef9-a0dd-27ceb336c146",
    "name": "Garaou_07"
  },
  {
    "UUID": "1f6bd40a-12d9-30ec-a88f-9ba03e8f52b3",
    "name": "eboy_donut1"
  },
  {
    "UUID": "998e449b-121e-3f26-b36e-631af63e6828",
    "name": "epic_kkiller69"
  },
  {
    "UUID": "091dffd0-42fa-3c7a-9cc9-e4a9d8f4ae89",
    "name": "CamiiMC"
  },
  {
    "UUID": "0a24e377-ddcf-3348-ad19-cbff126da50d",
    "name": "OWNER_IS_GAY"
  },
  {
    "UUID": "e58f849a-3c9c-3c76-8e4d-de897fc418ad",
    "name": "ErixOp"
  },
  {
    "UUID": "75b9a7b6-66e0-4f8c-92bc-2a163440a9dd",
    "name": "Dark_Hunter404"
  },
  {
    "UUID": "5eea3282-92b1-3fe9-b3b5-8f5a77e4c46d",
    "name": "Your_Death_Op"
  },
  {
    "UUID": "d71e57c2-808d-3cca-9f6b-72a8a374747b",
    "name": "Dhillon"
  },
  {
    "UUID": "38c32856-ab79-34c4-9e5c-bfa5a9b4093e",
    "name": "NotStevee_"
  },
  {
    "UUID": "c7c76d24-c4aa-3657-9e79-8d2c8c17a900",
    "name": "kingAbdulla12"
  },
  {
    "UUID": "00000000-0000-0000-0009-01f79cd2cb73",
    "name": "_SLASHERxDD"
  },
  {
    "UUID": "d19a7f52-3fc4-3b58-a4de-901e3b611b95",
    "name": "Arnxion"
  },
  {
    "UUID": "f3b526f1-c99e-32a2-97c1-e7fe05432d66",
    "name": "Spookie_XD"
  },
  {
    "UUID": "5ee35c98-781f-3817-927a-ff65e945604f",
    "name": "RAJPUT_PLAYSS"
  },
  {
    "UUID": "00000000-0000-0000-0009-01f0d46413fa",
    "name": "_NoObxpro1238452"
  },
  {
    "UUID": "ad7c554f-9526-3601-a612-377c80d71cc5",
    "name": "DipuPlayz_"
  },
  {
    "UUID": "00000000-0000-0000-0009-01f717e65071",
    "name": "_Google_Lala"
  },
  {
    "UUID": "00000000-0000-0000-0009-01fdc93956a7",
    "name": "_TabbyArrow98470"
  },
  {
    "UUID": "00000000-0000-0000-0009-01f77bd5ec44",
    "name": "_Ghost39289"
  },
  {
    "UUID": "c1343ed2-b0ed-359f-9751-cdec6320b57c",
    "name": "PSYCHOPATH_XD"
  },
  {
    "UUID": "fd1d22b6-0081-404a-a3d0-d7dba3e33efd",
    "name": "NotAxeFX"
  },
  {
    "UUID": "54f7e415-b490-3565-a718-c23da312c156",
    "name": "Virat_kholi18"
  },
  {
    "UUID": "c1e3b988-30ab-3fe6-ad78-955b78aff9dd",
    "name": "shambhudayal"
  },
  {
    "UUID": "b7d50923-07d0-3932-a737-bcb98e62ab80",
    "name": "nayanplayingbygm"
  },
  {
    "UUID": "4411cf57-1940-3ea4-9bbc-80be4c35ddef",
    "name": "RN_GAMER_YT"
  },
  {
    "UUID": "f9014290-c411-4b99-b4ad-6452e29c5801",
    "name": "spy_playz13"
  },
  {
    "UUID": "d26b1072-4331-3c3f-b0dd-2df5019befdf",
    "name": "SamratPlayzZ_YT"
  },
  {
    "UUID": "f9a5684e-a0dd-3537-b2e3-2a919b977998",
    "name": "imanshurawat"
  },
  {
    "UUID": "bc018480-03b3-39d6-9bb4-6102887f7e52",
    "name": "DEVIL0200"
  },
  {
    "UUID": "08e051a5-13ea-4b4c-9373-cb3a3af97dd2",
    "name": "KrishnaLive"
  },
  {
    "UUID": "a73ac951-636f-354e-9cfe-4bdf3862b98f",
    "name": "ShreyansPlays"
  },
  {
    "UUID": "a9414be7-8fc4-36db-adae-6b0d481adb8a",
    "name": "VamPireXD_"
  },
  {
    "UUID": "137fd845-648a-341c-9229-a92d2af574d6",
    "name": "kushi"
  },
  {
    "UUID": "8edd8211-7b7c-3c98-bbb3-b7de6c6295aa",
    "name": "NGB_x_ARMY"
  },
  {
    "UUID": "8a6e32cf-c20d-44b5-861a-0f9641396023",
    "name": "AshRarity"
  },
  {
    "UUID": "275e768b-e15b-392b-b788-1554164953a2",
    "name": "MEER4B111"
  },
  {
    "UUID": "972adac3-af21-3de8-963b-71c7663cf87a",
    "name": "RedMakeItClap"
  },
  {
    "UUID": "362a72c7-0eb0-39f2-9767-e05f0437863c",
    "name": "billa_gamer"
  },
  {
    "UUID": "af476c56-a07a-3fa4-ad04-6c45a95b824a",
    "name": "IAMOPGOD"
  },
  {
    "UUID": "fe31672c-20cb-3ee8-bbf9-8797cd2400d4",
    "name": "marababo"
  },
  {
    "UUID": "b9670c7e-17d7-45cf-bf40-c539b0be6b62",
    "name": "JaxaGamer"
  },
  {
    "UUID": "8006f6f4-ab22-30fb-b52d-163d70cfa851",
    "name": "Dark_Hunter404"
  },
  {
    "UUID": "fa81c8c0-41bd-35ce-925e-aab0b823a056",
    "name": "sekeleton_gg"
  },
  {
    "UUID": "212d72fa-524e-35f6-981b-36c84e8da29d",
    "name": "ADI_ka_bhai"
  },
  {
    "UUID": "3c9a0e99-516c-3edf-9c21-4a356dd310c2",
    "name": "SiferDrive"
  },
  {
    "UUID": "2c28a1ff-34bf-32bd-9e49-f9497052823f",
    "name": "ter"
  },
  {
    "UUID": "8881a112-72c9-38ef-af01-da2cef027f21",
    "name": "Sadmangames1524"
  },
  {
    "UUID": "3c8afff4-8485-339b-9312-02bac38750f4",
    "name": "AAA"
  },
  {
    "UUID": "87093195-f5cf-3675-961e-a58bdce704e9",
    "name": "tyonando"
  },
  {
    "UUID": "f28f9de6-7fe2-34e4-957b-877011a13905",
    "name": "itz_rayno_yt"
  },
  {
    "UUID": "00000000-0000-0000-0009-01f37736d804",
    "name": "_Ron_gaming3335"
  },
  {
    "UUID": "27fb238a-ee4d-330c-9149-0cc4d1d813a8",
    "name": "virat_ka_bhai"
  },
  {
    "UUID": "aaa3b7d6-34a5-3b54-9f4a-0562c7532132",
    "name": "NotDarkness_"
  },
  {
    "UUID": "84679fab-8fa7-3e52-8547-9379ceed6425",
    "name": "GamerIsBack05"
  },
  {
    "UUID": "f38c81c3-68e2-37a7-8bc1-f0ca716349b3",
    "name": "Snax_Gaming_"
  },
  {
    "UUID": "cc8da10e-bbd4-3336-8a1b-1d8f7bd957ff",
    "name": "LordRitin"
  },
  {
    "UUID": "913d4700-db8c-4cd0-897f-3862965ed0f4",
    "name": "AxtroDaRizzler_"
  },
  {
    "UUID": "063ae1c8-4868-3661-9d3c-6ff8abf7b616",
    "name": "Naveensaine"
  },
  {
    "UUID": "c039c90c-53fe-3374-a3a7-cbbefed69990",
    "name": "sdiogeugjudgdaj"
  },
  {
    "UUID": "d9ec686d-45b8-3f57-b5e6-de60cc9dfa9d",
    "name": "Kohinoor_Gamer"
  },
  {
    "UUID": "fcea8bfa-06a1-3209-a4e5-423cb66065e9",
    "name": "_BestOfAsia"
  },
  {
    "UUID": "32d0c6b3-a9bd-3c82-a73e-e4633446c0a9",
    "name": "DevilIsBestYT"
  },
  {
    "UUID": "3d0dec62-3c2a-32c2-ba1c-a439ade592b5",
    "name": "Nizgamer25"
  },
  {
    "UUID": "00000000-0000-0000-0009-01f2b5e0eae6",
    "name": "_Redmaskrga"
  },
  {
    "UUID": "6ff30680-249a-3d1f-8017-a095497e47f7",
    "name": "senpai"
  },
  {
    "UUID": "156aa36e-0873-38c2-af30-62ea05cca85c",
    "name": "armankhan1560"
  },
  {
    "UUID": "c2bca525-7b18-37e1-a40f-703b80f7b0a3",
    "name": "ROOH_XD"
  },
  {
    "UUID": "427979eb-afdd-3c41-8143-3e7cafbf4f8a",
    "name": "HeikaSpider"
  },
  {
    "UUID": "0ac8ffa5-2880-36ec-ad9c-53134f032d86",
    "name": "SheryansPlayzYT_"
  },
  {
    "UUID": "5a06155a-13ff-4aed-9aa8-18bb9b7c402a",
    "name": "Itz_Harshil"
  },
  {
    "UUID": "2cff8530-7677-3bbc-8618-1cc471e1d035",
    "name": "NoCrit_"
  },
  {
    "UUID": "cbe19888-51e5-3c65-bb4a-06f6af37bb72",
    "name": "MG_PLAYZ"
  },
  {
    "UUID": "06f0f527-cf63-3eed-be7c-bd24704b7e5c",
    "name": "Hadi_X_Dude"
  },
  {
    "UUID": "fb18730e-4608-3cb1-b447-1c4dd203efbd",
    "name": "ADgamers"
  },
  {
    "UUID": "b00fd6b0-cd27-3e65-bf0d-8faf48f012b4",
    "name": "SenpaivanshXd"
  },
  {
    "UUID": "80caf0b7-3819-43a1-b6eb-6aa68cc6ec52",
    "name": "MiDKnightDeviL"
  },
  {
    "UUID": "96ce7325-1d1f-3023-94dd-825ac66b5726",
    "name": "Bear699"
  },
  {
    "UUID": "e3663c57-1979-338a-91e3-83d281a4b973",
    "name": "Rohithbhai1"
  },
  {
    "UUID": "5ff430f1-6c22-3c06-b27d-9a499214aa24",
    "name": "StayRior_OP"
  },
  {
    "UUID": "b56a3dcf-10fc-3ecb-adbb-a5d4634e8a9b",
    "name": "ambani"
  },
  {
    "UUID": "794a9d27-4ee2-3e6e-94df-fd7e58f4fa9d",
    "name": "Areesh1"
  },
  {
    "UUID": "5334155e-933d-3e1a-ae7e-ca365f59df77",
    "name": "omkar_gamer_100"
  },
  {
    "UUID": "c9186113-d673-3444-968f-825bc2559b93",
    "name": "md_ajmain00"
  },
  {
    "UUID": "27231852-be1c-3e53-8ca4-85348bb17a30",
    "name": "Vthegamer2013"
  },
  {
    "UUID": "3127f9ca-1259-3bfe-a6b5-c20a7d88774b",
    "name": "NotViperXD"
  },
  {
    "UUID": "443cf8f3-04a0-367c-b04f-cb05490cc362",
    "name": "moeez102"
  },
  {
    "UUID": "6b58cb27-0d9e-3083-93ab-48b4b6d93f93",
    "name": "Jasmmen"
  },
  {
    "UUID": "bf7658ec-cb2f-3687-9b8d-affdb7fcde86",
    "name": "DimoThunder"
  },
  {
    "UUID": "07db12ed-279a-42d1-9bcb-e96bc809e5ef",
    "name": "Harsh1tislive"
  },
  {
    "UUID": "bb4b4fad-2904-3bff-9a07-4ab653e59a72",
    "name": "Imperial_Tamim"
  },
  {
    "UUID": "6024a11a-b80e-4edd-8ade-f7aa09ab840e",
    "name": "ItsCapsxD"
  },
  {
    "UUID": "2d8516a1-0147-3e5d-a455-beb2b1f5a812",
    "name": "huRagaa"
  },
  {
    "UUID": "c7931820-2206-3498-8bab-b2d8f5b59ad4",
    "name": "HADIMERABADDIUIA"
  },
  {
    "UUID": "b9591cb2-b4c4-351c-bbec-afe4b8db2fa6",
    "name": "WhySoWhite_"
  },
  {
    "UUID": "cfb88f4d-231b-3c9f-87cf-761d7d55dcb0",
    "name": "MrLapis2"
  },
  {
    "UUID": "18d5dc5b-65f7-3710-aa39-be7e22a837c1",
    "name": "IAM_UNBOUND"
  },
  {
    "UUID": "b3e02542-cce6-4272-b632-96d2886b1ff1",
    "name": "TechnicalYT69"
  },
  {
    "UUID": "0abdd6e2-a82d-3116-a34c-355b1bbebf82",
    "name": "iG_Krishna"
  },
  {
    "UUID": "84e96a16-9a1a-3ee8-8871-7f8e51a69304",
    "name": "NamishPro"
  },
  {
    "UUID": "da01465c-658e-3009-aacc-5614cfe875bb",
    "name": "Madnet_playz"
  },
  {
    "UUID": "d22f15d0-e524-35f2-aa47-5362315e3003",
    "name": "ItzAdiyaan"
  },
  {
    "UUID": "be248a94-0234-397f-bd47-59cecea05286",
    "name": "Jasmeen_09"
  },
  {
    "UUID": "00000000-0000-0000-0009-01f79f82d92b",
    "name": "_Doofgamer7"
  },
  {
    "UUID": "81911bce-c6ab-3868-8474-5d0fcfa41518",
    "name": "Itz_Israk"
  },
  {
    "UUID": "8c6b8e28-8a27-3ef8-90d5-044e28612507",
    "name": "ZOyyan44"
  },
  {
    "UUID": "0c78c593-0cb7-38a1-bb8c-735288db2a99",
    "name": "sayebmahmud"
  },
  {
    "UUID": "238ec0db-8449-4e01-8dff-de468edf1b1f",
    "name": "x3pxiel"
  },
  {
    "UUID": "c75601d7-842d-3f4e-a21d-0185a80fa110",
    "name": "Gamer_Me"
  },
  {
    "UUID": "ab6d833b-2183-3b8c-8d30-4675a58e1bf5",
    "name": "DemBro99"
  },
  {
    "UUID": "7e3c02a5-be76-3e2f-94c3-b6fd9acc4b5a",
    "name": "Sword_GG"
  },
  {
    "UUID": "00000000-0000-0000-0009-01fa14309aaa",
    "name": "_AIK_OP_10"
  },
  {
    "UUID": "bc66b333-8179-36d1-8c53-3cf4eb357c05",
    "name": "jasmeen_69"
  },
  {
    "UUID": "789a2132-fb44-3abb-93d4-ba7f55246bb3",
    "name": "godgamersjs"
  },
  {
    "UUID": "ff4bea7e-092e-33a9-928f-2cc805fee360",
    "name": "alibhai"
  },
  {
    "UUID": "79cd6b8a-dfb9-3eaa-a5a9-58b06d81bca0",
    "name": "Ranadip01"
  },
  {
    "UUID": "f3f3ad15-bf2a-3a5c-be79-6d2a9fb5181b",
    "name": "hsgamer"
  },
  {
    "UUID": "5b5a3df0-5543-3356-a665-c447f0add55d",
    "name": "CleverGaming2081"
  },
  {
    "UUID": "813698e0-6b49-3d19-addf-a54c0a10ba74",
    "name": "MR_ODISHA"
  },
  {
    "UUID": "4260ed60-081f-3d2e-b16e-42215e6f3063",
    "name": "HassamHuuuu"
  },
  {
    "UUID": "3858e151-5a00-3515-89c6-fd215df8687e",
    "name": "Hater_Bhai"
  },
  {
    "UUID": "c1c24bee-8680-31b6-afc0-a8aeed2598d3",
    "name": "tab1"
  },
  {
    "UUID": "00000000-0000-0000-0009-01fb0158e72e",
    "name": "_Dreamgamerzx"
  },
  {
    "UUID": "c9bf6d48-52c7-3c15-9743-529613c40bb3",
    "name": "FDGAMING64"
  },
  {
    "UUID": "f231bc64-39dd-342e-bb5a-3f57febf869e",
    "name": "R_R_PLAYZ"
  },
  {
    "UUID": "f0dac52d-c653-328e-a90e-2223c1fd3471",
    "name": "Sofia_94"
  },
  {
    "UUID": "73cbeb26-b099-3e00-a309-d8f660c802cc",
    "name": "HAMRA_RR"
  },
  {
    "UUID": "ffa35bb6-e536-39c3-bbf8-3b23210796ac",
    "name": "duffbdggf"
  },
  {
    "UUID": "00000000-0000-0000-0009-01fae03e465c",
    "name": "_Anshuroy1111"
  },
  {
    "UUID": "dbfb64ce-4320-3a27-9229-eeef4b3f8e59",
    "name": "_zk14x_"
  },
  {
    "UUID": "1503b1cc-b7c1-3c00-96fc-086a206be661",
    "name": "XfarhanX_23"
  },
  {
    "UUID": "c6305f90-e19b-3d17-b415-0d7eafb6146c",
    "name": "Abdulmanan_ffo"
  },
  {
    "UUID": "76152025-19ca-3ef2-b2f2-014dc556c07e",
    "name": "Not_death_Op"
  },
  {
    "UUID": "26ab4bce-7593-33d1-80b2-60d3c338dfde",
    "name": "MAHADYT2"
  },
  {
    "UUID": "d877ca01-637b-3b7a-9cf4-fdbf977813e2",
    "name": "DeadLegend666"
  },
  {
    "UUID": "8e28c8fd-5365-3d97-958a-5d2e978be8a0",
    "name": "darkuxD"
  },
  {
    "UUID": "4de94fd6-e7a2-386c-973c-4ccefd638cc9",
    "name": "noxgamerx"
  },
  {
    "UUID": "5002fd92-240e-32a4-bf72-151f2deaf317",
    "name": "zioborp95gamer"
  },
  {
    "UUID": "de855d16-c77a-3b7b-9d7e-eb0a383c6e71",
    "name": "_DEVIL_PLAYZ_601"
  },
  {
    "UUID": "01ee7f4e-5978-3d30-b0e5-0abe921f1d01",
    "name": "Jatin"
  },
  {
    "UUID": "60bf2dda-f75c-3f6d-a342-95afbae05ef4",
    "name": "Tanim_hossan"
  },
  {
    "UUID": "7994896b-284f-3ea5-bafe-5c72c69d11a9",
    "name": "Cpvper_Pro"
  },
  {
    "UUID": "549a456a-7ad9-3b4c-9664-909205bf749f",
    "name": "realM5"
  },
  {
    "UUID": "3541340b-c76c-3353-aecb-8c26eb76f358",
    "name": "Senpaivansh"
  },
  {
    "UUID": "711e0264-5a1a-37e4-b1ec-43c9064ac55d",
    "name": "tahan3546"
  },
  {
    "UUID": "d8280d82-0711-3b30-915a-52cbf6c76365",
    "name": "Cruster_GamerZ"
  },
  {
    "UUID": "ad9fa9d7-e564-3c20-83f0-f76f8943176b",
    "name": "BILLA_DON"
  },
  {
    "UUID": "2e27a7a7-1051-3bde-8b7e-e4b8d66f641b",
    "name": "sharpness_79"
  },
  {
    "UUID": "76190ce4-eb13-32e1-a172-05cbc59d5d96",
    "name": "ILxDIOxANUBI"
  },
  {
    "UUID": "94e72eae-6cdc-3147-a4de-9b7742434585",
    "name": "HeekoLegendOp"
  },
  {
    "UUID": "4aba4bd0-4545-4f75-9817-62312e1220d0",
    "name": "MOHDSHAMI"
  },
  {
    "UUID": "b2d1586e-6a67-4063-ae47-153a4a558e52",
    "name": "Mr_Lama65"
  },
  {
    "UUID": "e819493f-9a92-34ee-84dd-b129a4b631db",
    "name": "Dimo_thunder"
  },
  {
    "UUID": "d2f59b60-dc9c-3cfc-9481-91640a3ed9ea",
    "name": "MANSHEETFFYT"
  },
  {
    "UUID": "1bb457d0-5be4-3ba1-ac60-3d5f17ebbd31",
    "name": "Not_JOSHx"
  },
  {
    "UUID": "b126bef9-d828-3a1d-8a74-9c2555e8c197",
    "name": "AtomGamerz19"
  },
  {
    "UUID": "95e1eb28-3c4d-3cd3-9468-2557d2839221",
    "name": "Not_Manav__OP"
  },
  {
    "UUID": "2e6cdbe2-906c-30d1-b12a-68e5fc4ca77b",
    "name": "MrRedevil"
  },
  {
    "UUID": "f79ed0fe-4377-3d90-b064-5c54adfe4f85",
    "name": "elonsuks"
  },
  {
    "UUID": "97106828-e210-303e-b092-a6cf138ef70a",
    "name": "XzFrost"
  },
  {
    "UUID": "63f4a998-49e7-4674-80a6-54165e68a8f7",
    "name": "Itz_Sumile69"
  },
  {
    "UUID": "468ec1a3-de86-3f0b-9560-24e6533353c0",
    "name": "GappleXD"
  },
  {
    "UUID": "597126f3-3def-33e7-9ca9-6cf3b168876f",
    "name": "Senpai_VanshXD"
  },
  {
    "UUID": "0e48117e-ea5e-3eba-b64a-d5d6ccf1cb67",
    "name": "darkking13rip"
  },
  {
    "UUID": "c593ea1a-25c7-3d7a-91fe-5665aecba9bd",
    "name": "_Ghost_Gaming"
  },
  {
    "UUID": "7293e604-b590-3567-b7e4-c714ba14d95d",
    "name": "BetterLopi_Boy"
  },
  {
    "UUID": "10740448-2265-3ae5-8d5f-02461a1d7e62",
    "name": "KKPlayz1888"
  },
  {
    "UUID": "8e5bfac5-464c-3b6e-b440-3abe58bdf024",
    "name": "Tigerbhai234_68"
  },
  {
    "UUID": "16cee27d-781b-3894-be55-621c7f7c98d5",
    "name": "saku_plays"
  },
  {
    "UUID": "e8088d5b-5fa3-3493-875e-f6e7de455e41",
    "name": "kousik1234"
  },
  {
    "UUID": "3d2b1b75-fd60-3879-ae52-ae09b1edd52f",
    "name": "ipls"
  },
  {
    "UUID": "a08642d9-1e98-3c96-84d7-351cdcaac2ef",
    "name": "EBOY_gaming_1234"
  },
  {
    "UUID": "a641cae8-c343-3e47-ad72-c5524a8544e9",
    "name": "metcraft89"
  },
  {
    "UUID": "8fb2c362-a500-315f-b19f-5959a3e6444b",
    "name": "Birat18rip"
  },
  {
    "UUID": "00000000-0000-0000-0009-01f1c22a5439",
    "name": "_AKASH_SUVATAR88"
  },
  {
    "UUID": "e9003ab5-5d52-476f-9b04-7a47b5eb42cd",
    "name": "Bestow_loXoKo"
  },
  {
    "UUID": "1784cf5a-a6f3-36a6-b209-1f49e1f023d4",
    "name": "AyushPlayzXD"
  },
  {
    "UUID": "58f536ec-98a4-4b8a-8448-7011f5898b15",
    "name": "MrSenpaiWasTaken"
  },
  {
    "UUID": "b1f4216e-5af2-3b2b-8174-10dc64b5fbac",
    "name": "Sharpness"
  },
  {
    "UUID": "b9491909-6975-3b60-b6e9-781c6d9b76cf",
    "name": "hackingwalla"
  },
  {
    "UUID": "c7a8e577-a776-3db0-b7f6-577f29190e7e",
    "name": "jasminji"
  },
  {
    "UUID": "c0596bf7-21e0-3e54-a4f2-bbb87598f930",
    "name": "PriyaGamer205"
  },
  {
    "UUID": "53210f35-4748-4e6f-9891-f4e8c56933d9",
    "name": "FRosty_Flayer"
  },
  {
    "UUID": "fdab89e7-8007-3df5-9b67-63b21d57f3c2",
    "name": "Bhuvan008"
  }
]